City_ID,City,Lat,Lng,Max Temp,Humidity,Cloudiness,Wind Speed,Country,Date
0,San Juan,-31.5375,-68.5364,51.55,43,5,3.76,AR,2022-06-13 03:33:06
1,Albany,42.6001,-73.9662,65.68,91,100,3.8,US,2022-06-13 03:30:02
2,Meulaboh,4.1363,96.1285,84.61,62,83,4.21,ID,2022-06-13 03:33:09
3,Berlevag,70.8578,29.0864,44.55,76,100,20.71,NO,2022-06-13 03:33:10
4,Estacion Coahuila,32.1939,-115.0017,93.31,30,0,6.38,MX,2022-06-13 03:33:10
5,Melfi,40.9965,15.6514,59.38,58,0,5.1,IT,2022-06-13 03:33:10
6,Chuy,-33.6971,-53.4616,45.19,95,6,5.3,UY,2022-06-13 03:32:39
7,Provideniya,64.3833,-173.3,42.13,64,100,2.84,RU,2022-06-13 03:32:37
8,Safaga,26.7292,33.9365,82.9,46,0,17.34,EG,2022-06-13 03:33:11
9,Mareeba,-17.0,145.4333,78.44,60,7,5.19,AU,2022-06-13 03:33:12
10,Auki,-8.7676,160.7034,84.88,66,10,2.08,SB,2022-06-13 03:33:12
11,Lebu,-37.6167,-73.65,48.58,88,100,10.38,CL,2022-06-13 03:33:12
12,Khatanga,71.9667,102.5,69.33,30,100,10.65,RU,2022-06-13 03:33:13
13,Airai,-8.9266,125.4092,71.37,54,46,4.61,TL,2022-06-13 03:33:13
14,Bredasdorp,-34.5322,20.0403,57.96,74,100,5.75,ZA,2022-06-13 03:33:14
15,Awbari,26.5921,12.7805,74.19,32,43,7.65,LY,2022-06-13 03:33:14
16,Mattru,7.6244,-11.8332,73.56,97,95,1.66,SL,2022-06-13 03:33:14
17,Dingle,10.9995,122.6711,88.68,61,62,5.79,PH,2022-06-13 03:33:15
18,Thompson,55.7435,-97.8558,66.36,55,40,4.61,CA,2022-06-13 03:30:19
19,Cape Town,-33.9258,18.4232,59.11,94,75,12.66,ZA,2022-06-13 03:33:15
20,Beloye,48.4952,39.0505,68.59,67,89,6.15,UA,2022-06-13 03:33:16
21,Bluff,-46.6,168.3333,46.8,59,95,22.57,NZ,2022-06-13 03:33:16
22,Hobart,-42.8794,147.3294,53.46,65,20,10.36,AU,2022-06-13 03:31:47
23,Rikitea,-23.1203,-134.9692,73.24,67,21,11.83,PF,2022-06-13 03:33:17
24,Vao,-22.6667,167.4833,71.15,75,100,12.15,NC,2022-06-13 03:33:17
25,Dakar,14.6937,-17.4441,77.13,78,75,6.91,SN,2022-06-13 03:28:18
26,Zarubino,42.63,131.0922,54.18,94,100,11.9,RU,2022-06-13 03:33:18
27,Port Hedland,-20.3167,118.5667,82.45,20,0,12.66,AU,2022-06-13 03:33:18
28,Kapaa,22.0752,-159.319,84.18,84,40,17.27,US,2022-06-13 03:33:19
29,Tabou,4.423,-7.3528,77.65,77,100,8.03,CI,2022-06-13 03:33:19
30,Santa Maria Do Suacui,-18.1903,-42.4142,64.04,82,37,0.94,BR,2022-06-13 03:33:19
31,Mendi,-6.1761,143.6513,70.25,57,28,5.91,PG,2022-06-13 03:33:20
32,Qaanaaq,77.484,-69.3632,22.32,70,0,6.11,GL,2022-06-13 03:32:29
33,Mataura,-46.1927,168.8643,46.47,82,82,10.18,NZ,2022-06-13 03:33:21
34,Puerto Ayora,-0.7393,-90.3518,72.55,88,96,3.0,EC,2022-06-13 03:29:30
35,Puerto Escondido,15.85,-97.0667,77.83,69,100,6.91,MX,2022-06-13 03:33:21
36,Nikolskoye,59.7035,30.7861,57.79,87,95,4.88,RU,2022-06-13 03:32:09
37,Belle Fourche,44.6714,-103.8522,65.53,89,83,9.42,US,2022-06-13 03:33:22
38,Punta Arenas,-53.15,-70.9167,44.71,87,100,8.05,CL,2022-06-13 03:33:22
39,Tarko-Sale,64.9225,77.785,67.95,58,74,4.61,RU,2022-06-13 03:33:23
40,Kirya,-3.9167,37.4833,62.67,96,69,5.88,TZ,2022-06-13 03:33:23
41,Kaitangata,-46.2817,169.8464,45.19,79,99,19.26,NZ,2022-06-13 03:33:23
42,Touros,-5.1989,-35.4608,75.27,83,25,9.82,BR,2022-06-13 03:33:24
43,Doctor Arroyo,23.6667,-100.1833,66.81,60,9,9.42,MX,2022-06-13 03:33:24
44,Hermanus,-34.4187,19.2345,61.81,81,100,13.87,ZA,2022-06-13 03:33:25
45,Paracuru,-3.41,-39.0306,78.12,84,69,5.99,BR,2022-06-13 03:34:25
46,Yellowknife,62.456,-114.3525,64.92,59,75,4.61,CA,2022-06-13 03:34:25
47,Busselton,-33.65,115.3333,61.41,69,97,17.43,AU,2022-06-13 03:32:37
48,Hilo,19.7297,-155.09,86.29,76,100,6.91,US,2022-06-13 03:34:26
49,Jamestown,42.097,-79.2353,63.01,66,94,1.16,US,2022-06-13 03:32:40
50,Hambantota,6.1241,81.1185,84.54,79,40,10.36,LK,2022-06-13 03:34:27
51,Praia Da Vitoria,38.7333,-27.0667,61.75,100,75,16.35,PT,2022-06-13 03:34:27
52,Cap Malheureux,-19.9842,57.6142,71.47,83,34,8.01,MU,2022-06-13 03:34:27
53,Mahebourg,-20.4081,57.7,71.89,94,75,14.97,MU,2022-06-13 03:34:28
54,Martapura,-3.4167,114.85,87.89,66,20,0.0,ID,2022-06-13 03:34:28
55,Biritiba-Mirim,-23.5698,-46.0407,44.38,86,100,0.83,BR,2022-06-13 03:34:29
56,Hokitika,-42.7167,170.9667,51.4,74,74,8.59,NZ,2022-06-13 03:34:29
57,San Quintin,30.4833,-115.95,64.09,90,22,10.22,MX,2022-06-13 03:34:30
58,Mahibadhoo,3.7833,72.9667,83.14,71,100,5.21,MV,2022-06-13 03:34:30
59,Longyearbyen,78.2186,15.6401,39.04,81,100,5.75,SJ,2022-06-13 03:32:22
60,Bethel,41.3712,-73.414,68.09,93,100,0.0,US,2022-06-13 03:34:31
61,Kavieng,-2.5744,150.7967,83.66,71,93,11.34,PG,2022-06-13 03:34:31
62,Ponta Do Sol,32.6667,-17.1,69.01,80,27,1.79,PT,2022-06-13 03:32:42
63,Eslov,55.8393,13.3039,54.27,91,73,7.85,SE,2022-06-13 03:34:31
64,Chifeng,42.2683,118.9636,72.68,39,37,14.74,CN,2022-06-13 03:34:32
65,Barrow,71.2906,-156.7887,30.22,86,100,4.61,US,2022-06-13 03:30:08
66,Ilulissat,69.2167,-51.1,32.02,86,100,9.22,GL,2022-06-13 03:34:33
67,Ushuaia,-54.8,-68.3,38.86,100,100,2.3,AR,2022-06-13 03:33:00
68,Muros,42.7762,-9.0603,67.08,75,92,12.88,ES,2022-06-13 03:34:33
69,Avarua,-21.2078,-159.775,78.85,65,88,11.5,CK,2022-06-13 03:32:07
70,Quchan,37.106,58.5095,68.32,51,0,11.86,IR,2022-06-13 03:34:34
71,New Norfolk,-42.7826,147.0587,53.1,74,68,3.0,AU,2022-06-13 03:34:34
72,Te Anau,-45.4167,167.7167,39.6,97,100,2.91,NZ,2022-06-13 03:34:34
73,Cidreira,-30.1811,-50.2056,49.75,76,48,14.58,BR,2022-06-13 03:34:35
74,Camacha,33.0833,-16.3333,63.82,72,40,4.61,PT,2022-06-13 03:34:28
75,Constitucion,-35.3333,-72.4167,48.07,89,85,3.04,CL,2022-06-13 03:34:35
76,Sur,22.5667,59.5289,86.59,64,1,13.09,OM,2022-06-13 03:34:36
77,Sambava,-14.2667,50.1667,69.66,79,2,10.25,MG,2022-06-13 03:34:36
78,Clyde River,70.4692,-68.5914,32.23,80,75,8.05,CA,2022-06-13 03:34:36
79,Shu,43.5983,73.7614,76.78,44,100,4.85,KZ,2022-06-13 03:34:37
80,Kabompo,-13.5927,24.2008,46.63,71,0,4.92,ZM,2022-06-13 03:34:37
81,Labuhan,-6.8844,112.2051,84.83,69,98,5.99,ID,2022-06-13 03:32:11
82,Port Hawkesbury,45.6169,-61.3485,62.58,84,100,4.61,CA,2022-06-13 03:34:38
83,Nizwa,22.9333,57.5333,92.46,19,11,6.13,OM,2022-06-13 03:34:38
84,Nanortalik,60.1432,-45.2371,36.12,93,96,10.45,GL,2022-06-13 03:34:39
85,Saint-Philippe,-21.3585,55.7679,69.39,86,95,16.28,RE,2022-06-13 03:34:39
86,Qasigiannguit,68.8193,-51.1922,32.25,84,100,3.76,GL,2022-06-13 03:34:39
87,Iqaluit,63.7506,-68.5145,37.13,81,75,9.22,CA,2022-06-13 03:34:40
88,Riyadh,24.6877,46.7219,84.34,11,0,4.99,SA,2022-06-13 03:33:53
89,Harper,4.375,-7.7169,77.83,78,100,8.95,LR,2022-06-13 03:34:40
90,Atuona,-9.8,-139.0333,77.67,71,69,19.44,PF,2022-06-13 03:32:13
91,Cherskiy,68.75,161.3,69.17,31,15,9.64,RU,2022-06-13 03:35:41
92,Faanui,-16.4833,-151.75,79.75,74,77,21.54,PF,2022-06-13 03:35:42
93,Norman Wells,65.282,-126.8329,41.04,93,100,10.36,CA,2022-06-13 03:35:42
94,Homer,59.6425,-151.5483,66.07,63,0,13.8,US,2022-06-13 03:35:42
95,Mezen,65.8522,44.24,56.23,60,100,7.56,RU,2022-06-13 03:35:43
96,Pevek,69.7008,170.3133,39.78,65,82,14.27,RU,2022-06-13 03:32:00
97,East London,-33.0153,27.9116,76.14,27,0,13.8,ZA,2022-06-13 03:35:43
98,Port Elizabeth,-33.918,25.5701,67.32,65,0,4.61,ZA,2022-06-13 03:35:44
99,Tornio,65.8481,24.1466,55.42,87,20,5.48,FI,2022-06-13 03:35:44
100,Tomatlan,19.9333,-105.25,79.09,83,93,1.99,MX,2022-06-13 03:35:45
101,Ostrovnoy,68.0531,39.5131,55.51,74,100,1.39,RU,2022-06-13 03:35:45
102,Phayao,19.25,100.25,89.44,55,63,4.23,TH,2022-06-13 03:35:45
103,Bengkulu,-3.8004,102.2655,83.03,65,100,3.47,ID,2022-06-13 03:35:46
104,Yaan,7.3833,8.5667,72.07,96,93,4.14,NG,2022-06-13 03:35:46
105,Carnarvon,-24.8667,113.6333,69.31,55,3,13.13,AU,2022-06-13 03:35:47
106,Cabanas,22.9758,-82.9219,78.53,87,0,7.78,CU,2022-06-13 03:35:47
107,Geraldton,-28.7667,114.6,66.61,63,40,11.5,AU,2022-06-13 03:35:47
108,Astana,51.1801,71.446,76.95,33,20,15.66,KZ,2022-06-13 03:34:44
109,Upernavik,72.7868,-56.1549,28.22,78,76,0.34,GL,2022-06-13 03:35:48
110,Kitimat,54.0524,-128.6534,57.58,63,89,1.01,CA,2022-06-13 03:35:48
111,Cockburn Town,21.4612,-71.1419,80.2,85,6,21.45,TC,2022-06-13 03:33:56
112,Verkhnedneprovskiy,54.9813,33.3457,60.21,91,36,5.79,RU,2022-06-13 03:35:49
113,Richards Bay,-28.783,32.0377,56.64,55,4,8.03,ZA,2022-06-13 03:35:49
114,Ugoofaaru,5.6667,73.0,82.96,76,100,7.63,MV,2022-06-13 03:35:50
115,Port Alfred,-33.5906,26.891,69.19,40,100,1.01,ZA,2022-06-13 03:32:23
116,Buala,-8.145,159.5921,84.02,69,13,5.39,SB,2022-06-13 03:35:50
117,Camiri,-20.05,-63.5167,46.76,57,0,2.82,BO,2022-06-13 03:35:51
118,Severo-Kurilsk,50.6789,156.125,45.95,84,52,8.99,RU,2022-06-13 03:35:51
119,Pasni,25.2631,63.471,83.05,81,23,4.65,PK,2022-06-13 03:35:51
120,Srednekolymsk,67.45,153.6833,73.62,28,19,10.83,RU,2022-06-13 03:35:52
121,Klaksvik,62.2266,-6.589,47.32,91,98,11.79,FO,2022-06-13 03:35:52
122,Aitape,-3.1374,142.3475,84.6,70,12,8.97,PG,2022-06-13 03:35:52
123,Tura,25.5198,90.2201,78.8,91,100,6.06,IN,2022-06-13 03:35:53
124,Sao Joao Da Barra,-21.6403,-41.0511,67.6,68,100,17.07,BR,2022-06-13 03:35:53
125,Tigil,57.8,158.6667,43.77,95,100,6.29,RU,2022-06-13 03:35:53
126,Zabid,14.1951,43.3152,88.12,58,97,6.89,YE,2022-06-13 03:35:54
127,Vaini,-21.2,-175.2,78.96,89,40,10.36,TO,2022-06-13 03:35:54
128,San Cristobal,7.7669,-72.225,68.18,98,100,2.91,VE,2022-06-13 03:35:54
129,Hualmay,-11.0964,-77.6139,62.37,82,20,10.09,PE,2022-06-13 03:35:55
130,Hasaki,35.7333,140.8333,75.29,59,37,11.45,JP,2022-06-13 03:35:55
131,Funadhoo,6.15,73.2667,82.78,77,100,7.87,MV,2022-06-13 03:35:55
132,Aklavik,68.2191,-135.0107,42.42,73,100,12.28,CA,2022-06-13 03:35:56
133,Yulara,-25.2406,130.9889,65.75,30,0,4.25,AU,2022-06-13 03:35:56
134,Radhanpur,23.8333,71.6,88.48,60,96,9.73,IN,2022-06-13 03:33:06
135,Souillac,-20.5167,57.5167,71.98,94,75,14.97,MU,2022-06-13 03:35:57
136,Lorengau,-2.0226,147.2712,84.85,66,12,12.53,PG,2022-06-13 03:35:57
137,Maningrida,-12.0667,134.2667,86.54,38,90,8.43,AU,2022-06-13 03:35:58
138,Gorom-Gorom,14.4439,-0.2361,88.79,43,34,6.13,BF,2022-06-13 03:35:58
139,Kodiak,57.79,-152.4072,67.51,49,0,11.5,US,2022-06-13 03:33:16
140,Arrecife,28.963,-13.5477,69.78,78,100,11.5,ES,2022-06-13 03:36:59
141,Saint-Francois,46.4154,3.9054,65.64,82,100,6.91,FR,2022-06-13 03:36:59
142,Viransehir,37.2353,39.7631,68.68,65,0,9.48,TR,2022-06-13 03:37:00
143,Beyneu,45.3167,55.2,79.61,38,100,4.16,KZ,2022-06-13 03:37:00
144,Kurtamysh,54.9103,64.4319,56.34,73,2,7.99,RU,2022-06-13 03:37:00
145,Tocopilla,-22.092,-70.1979,61.66,66,7,5.28,CL,2022-06-13 03:37:01
146,Coquimbo,-29.9533,-71.3436,51.53,87,100,2.3,CL,2022-06-13 03:34:15
147,Saskylakh,71.9167,114.0833,69.93,27,1,7.07,RU,2022-06-13 03:37:01
148,Darhan,49.4867,105.9228,77.99,23,36,5.21,MN,2022-06-13 03:37:02
149,Chapleau,47.8405,-83.4034,45.75,91,45,3.31,CA,2022-06-13 03:37:02
150,Pacific Grove,36.6177,-121.9166,65.88,82,100,15.99,US,2022-06-13 03:37:03
151,Traverse City,44.7631,-85.6206,52.74,89,0,1.99,US,2022-06-13 03:36:31
152,Khuzhir,53.1939,107.3397,54.88,61,99,3.87,RU,2022-06-13 03:37:03
153,Sinnamary,5.3833,-52.95,77.27,85,7,5.99,GF,2022-06-13 03:37:04
154,Simao,22.7886,100.9748,76.91,71,100,4.21,CN,2022-06-13 03:37:04
155,College,64.8569,-147.8028,70.0,45,100,0.0,US,2022-06-13 03:37:04
156,Fairbanks,64.8378,-147.7164,70.02,44,0,0.0,US,2022-06-13 03:33:50
157,Poum,-20.2333,164.0167,75.85,82,100,13.15,NC,2022-06-13 03:37:05
158,Pilna,55.5539,45.9219,57.29,76,0,1.61,RU,2022-06-13 03:37:05
159,Westport,41.1415,-73.3579,69.62,93,100,1.99,US,2022-06-13 03:37:06
160,Tasiilaq,65.6145,-37.6368,35.76,99,100,3.98,GL,2022-06-13 03:32:34
161,Barao De Melgaco,-16.1944,-55.9675,55.33,62,21,3.89,BR,2022-06-13 03:37:06
162,Xining,36.6167,101.7667,66.27,26,21,4.27,CN,2022-06-13 03:37:07
163,Hithadhoo,-0.6,73.0833,83.64,72,100,7.34,MV,2022-06-13 03:37:07
164,Severo-Yeniseyskiy,60.3725,93.0408,71.01,44,59,8.55,RU,2022-06-13 03:37:08
165,Carutapera,-1.195,-46.02,75.2,91,1,4.94,BR,2022-06-13 03:37:08
166,Isangel,-19.55,169.2667,87.91,74,75,6.91,VU,2022-06-13 03:37:09
167,Mar Del Plata,-38.0023,-57.5575,48.09,70,0,3.44,AR,2022-06-13 03:34:18
168,Wageningen,51.9667,5.6667,57.85,97,75,2.3,NL,2022-06-13 03:37:09
169,Ambunti,-4.2365,142.8448,88.9,55,20,5.21,PG,2022-06-13 03:37:09
170,Dikson,73.5069,80.5464,30.36,92,100,17.63,RU,2022-06-13 03:37:10
171,Belmonte,-15.8631,-38.8828,73.22,79,97,4.54,BR,2022-06-13 03:37:10
172,Sungairaya,0.7,108.9,81.99,74,99,4.59,ID,2022-06-13 03:37:11
173,Lata,40.1629,-8.3327,64.08,73,2,2.71,PT,2022-06-13 03:37:11
174,Bambanglipuro,-7.95,110.2833,82.54,72,98,2.98,ID,2022-06-13 03:37:12
175,Manicore,-5.8092,-61.3003,73.35,94,20,4.61,BR,2022-06-13 03:37:12
176,Fougamou,-1.2154,10.5838,70.92,99,77,1.97,GA,2022-06-13 03:37:13
177,Umm Lajj,25.0213,37.2685,85.62,55,0,7.7,SA,2022-06-13 03:37:13
178,Chokurdakh,70.6333,147.9167,69.08,18,13,9.26,RU,2022-06-13 03:37:13
179,Esperance,-33.8667,121.9,64.24,70,93,36.71,AU,2022-06-13 03:37:14
180,Castro,-24.7911,-50.0119,37.08,72,0,3.96,BR,2022-06-13 03:35:06
181,Bardiyah,31.7561,25.0865,70.72,88,20,14.5,LY,2022-06-13 03:38:14
182,Bilma,18.6853,12.9164,88.09,14,10,14.29,NE,2022-06-13 03:38:15
183,Kysyl-Syr,63.8986,122.7617,54.99,76,95,8.41,RU,2022-06-13 03:38:15
184,Seoul,37.5683,126.9778,83.77,47,0,5.75,KR,2022-06-13 03:35:28
185,Fortuna,40.5982,-124.1573,56.66,82,40,11.5,US,2022-06-13 03:38:16
186,Karonga,-9.9333,33.9333,63.23,84,9,4.65,MW,2022-06-13 03:38:16
187,Olafsvik,64.8945,-23.7142,47.77,93,100,16.42,IS,2022-06-13 03:38:17
188,Lompoc,34.6391,-120.4579,69.94,87,100,18.01,US,2022-06-13 03:35:09
189,Ouallam,14.3188,2.0866,88.54,43,29,9.06,NE,2022-06-13 03:38:17
190,Mindelo,16.8901,-24.9804,71.15,78,20,14.97,CV,2022-06-13 03:38:18
191,Codrington,-38.2667,141.9667,54.75,72,96,3.71,AU,2022-06-13 03:38:18
192,Quatre Cocos,-20.2078,57.7625,71.71,79,58,19.98,MU,2022-06-13 03:38:18
193,Lavrentiya,65.5833,-171.0,40.12,68,100,4.38,RU,2022-06-13 03:38:19
194,Deer Lake,49.1667,-57.4316,49.86,76,20,8.05,CA,2022-06-13 03:38:19
195,Koslan,63.4564,48.8989,58.84,41,76,4.09,RU,2022-06-13 03:38:20
196,Kalengwa,-13.4659,25.0027,45.82,80,0,3.96,ZM,2022-06-13 03:38:20
197,Natal,-5.795,-35.2094,77.22,94,20,3.44,BR,2022-06-13 03:38:21
198,Dickinson,29.4608,-95.0513,84.94,84,0,13.8,US,2022-06-13 03:34:35
199,Havoysund,70.9963,24.6622,43.03,89,100,19.28,NO,2022-06-13 03:38:21
200,Leh,34.1667,77.5833,55.4,42,51,6.17,IN,2022-06-13 03:38:22
201,Khudumelapye,-23.8833,24.75,47.88,56,0,7.54,BW,2022-06-13 03:38:22
202,Saint-Augustin,51.226,-58.6502,48.31,77,98,6.15,CA,2022-06-13 03:38:22
203,Walvis Bay,-22.9575,14.5053,58.15,94,0,5.75,NA,2022-06-13 03:38:23
204,Benjamin Constant,-4.3831,-70.0311,69.93,84,100,1.79,BR,2022-06-13 03:38:23
205,Petropavlovsk-Kamchatskiy,53.0452,158.6483,68.59,32,40,6.71,RU,2022-06-13 03:38:24
206,Tarakan,3.3,117.6333,85.5,74,40,8.05,ID,2022-06-13 03:38:24
207,Khorixas,-20.3667,14.9667,57.02,50,0,3.94,NA,2022-06-13 03:38:24
208,Lake Forest,33.647,-117.6892,74.39,84,20,8.05,US,2022-06-13 03:38:25
209,Kavaratti,10.5669,72.642,83.39,74,100,14.88,IN,2022-06-13 03:38:25
210,Namatanai,-3.6667,152.4333,84.18,66,57,8.61,PG,2022-06-13 03:38:26
211,Imeni Poliny Osipenko,52.4201,136.4853,79.52,44,100,9.31,RU,2022-06-13 03:38:26
212,Marawi,7.9986,124.2928,81.7,64,92,5.79,PH,2022-06-13 03:38:26
213,Necochea,-38.5473,-58.7368,48.04,56,80,9.55,AR,2022-06-13 03:38:27
214,Sechura,-5.5569,-80.8222,64.38,77,8,13.15,PE,2022-06-13 03:38:27
215,Broken Hill,-31.95,141.4333,54.18,51,5,2.71,AU,2022-06-13 03:38:28
216,Mogadouro,41.3403,-6.7119,62.35,72,0,6.58,PT,2022-06-13 03:38:28
217,Vanimo,-2.6741,141.3028,85.93,62,11,10.09,PG,2022-06-13 03:38:28
218,Tuktoyaktuk,69.4541,-133.0374,33.8,93,100,9.22,CA,2022-06-13 03:38:29
219,Lovosice,50.515,14.051,62.87,71,77,20.0,CZ,2022-06-13 03:38:29
220,Stephenville,32.2207,-98.2023,92.8,37,0,10.36,US,2022-06-13 03:37:05
221,Udachnyy,66.4167,112.4,66.45,39,4,13.33,RU,2022-06-13 03:38:30
222,Caconda,-13.7333,15.0667,47.61,56,3,0.63,AO,2022-06-13 03:38:30
223,Mao,39.8885,4.2658,66.76,94,0,5.75,ES,2022-06-13 03:38:31
224,Cabo San Lucas,22.8909,-109.9124,90.7,47,5,8.01,MX,2022-06-13 03:38:31
225,Arraial Do Cabo,-22.9661,-42.0278,67.64,63,100,25.26,BR,2022-06-13 03:38:31
226,Brae,60.3964,-1.353,50.7,95,100,17.6,GB,2022-06-13 03:38:32
227,Faya,18.3851,42.4509,64.92,17,2,4.94,SA,2022-06-13 03:39:32
228,Najran,17.4924,44.1277,75.85,15,72,5.91,SA,2022-06-13 03:39:33
229,Salta,-24.7859,-65.4117,43.57,87,0,5.75,AR,2022-06-13 03:39:14
230,Belaya Gora,68.5333,146.4167,74.1,25,7,17.02,RU,2022-06-13 03:39:33
231,Virginia Beach,36.8529,-75.978,76.01,89,75,6.91,US,2022-06-13 03:39:34
232,Viedma,-40.8135,-62.9967,54.43,46,100,14.63,AR,2022-06-13 03:39:34
233,Shenxian,36.2411,115.6672,97.11,16,17,8.12,CN,2022-06-13 03:39:34
234,Margate,51.3813,1.3862,55.69,72,12,5.01,GB,2022-06-13 03:39:35
235,Samana,19.2056,-69.3369,77.9,87,10,7.4,DO,2022-06-13 03:39:35
236,Bam,29.106,58.357,93.06,18,0,2.3,IR,2022-06-13 03:39:36
237,Ust-Karsk,52.7011,118.8077,68.9,62,95,5.86,RU,2022-06-13 03:39:36
238,Tiksi,71.6872,128.8694,44.76,66,65,7.36,RU,2022-06-13 03:39:36
239,Kurilsk,45.2333,147.8833,51.71,69,99,5.91,RU,2022-06-13 03:39:37
240,Nantucket,41.2835,-70.0995,66.0,90,40,9.22,US,2022-06-13 03:39:37
241,Manacapuru,-3.2997,-60.6206,72.91,96,96,5.53,BR,2022-06-13 03:39:38
242,Sola,-13.8833,167.55,86.67,79,40,12.21,VU,2022-06-13 03:39:38
243,Qurayyat,31.3318,37.3428,66.38,72,0,9.22,SA,2022-06-13 03:39:38
244,Rudnichnyy,59.617,52.4703,54.19,50,11,5.97,RU,2022-06-13 03:39:39
245,Ascension,30.2169,-90.9001,84.42,82,0,4.61,US,2022-06-13 03:39:39
246,La Palma,33.8464,-118.0467,76.95,80,0,9.22,US,2022-06-13 03:39:39
247,Kamariotissa,40.4833,25.4667,72.73,68,67,9.55,GR,2022-06-13 03:39:40
248,Saint George,37.1041,-113.5841,97.39,8,0,20.71,US,2022-06-13 03:35:40
249,Taoudenni,22.6783,-3.9836,92.48,26,100,3.2,ML,2022-06-13 03:39:40
250,Fomboni,-12.28,43.7425,79.56,67,3,19.35,KM,2022-06-13 03:39:41
251,Acarau,-2.8856,-40.12,76.01,85,91,8.34,BR,2022-06-13 03:39:41
252,The Valley,18.217,-63.0578,82.26,83,0,18.75,AI,2022-06-13 03:39:42
253,Flinders,-34.5833,150.8552,56.25,49,5,4.54,AU,2022-06-13 03:39:42
254,Bowen,-20.0167,148.2333,65.95,42,0,6.87,AU,2022-06-13 03:39:43
255,Nouadhibou,20.931,-17.0347,67.98,88,75,24.16,MR,2022-06-13 03:39:43
256,Stornoway,58.2093,-6.3865,50.94,88,75,6.91,GB,2022-06-13 03:39:43
257,Talnakh,69.4865,88.3972,71.29,33,74,3.18,RU,2022-06-13 03:39:44
258,Rio Gallegos,-51.6226,-69.2181,39.25,87,0,3.44,AR,2022-06-13 03:39:44
259,Yenagoa,4.9247,6.2642,75.07,96,100,2.57,NG,2022-06-13 03:39:45
260,Vestmannaeyjar,63.4427,-20.2734,48.94,97,100,15.61,IS,2022-06-13 03:39:45
261,Anlu,31.1661,112.5831,82.49,55,98,5.1,CN,2022-06-13 03:39:45
262,Solenzo,12.1833,-4.0833,79.97,67,25,6.67,BF,2022-06-13 03:39:46
263,Mazamari,-11.3258,-74.5308,66.9,81,99,0.87,PE,2022-06-13 03:39:46
264,Luderitz,-26.6481,15.1594,57.96,64,87,7.07,NA,2022-06-13 03:39:46
265,Ribeira Grande,38.5167,-28.7,62.83,83,64,22.5,PT,2022-06-13 03:39:47
266,Kheralu,23.8833,72.6167,82.92,68,100,4.94,IN,2022-06-13 03:39:47
267,Assiniboia,49.6334,-105.9845,64.22,48,94,8.05,CA,2022-06-13 03:39:48
268,Chama,47.1821,8.4636,65.07,89,75,0.0,CH,2022-06-13 03:39:48
269,Dehloran,32.6941,47.2679,98.15,12,0,3.6,IR,2022-06-13 03:39:48
270,Bima,-8.4667,118.7167,86.22,62,100,3.38,ID,2022-06-13 03:39:49
271,Vila Franca Do Campo,37.7167,-25.4333,63.19,89,35,8.08,PT,2022-06-13 03:39:49
272,Porto Novo,6.4965,2.6036,78.62,87,100,5.61,BJ,2022-06-13 03:39:49
273,Neuquen,-38.9516,-68.0591,49.42,32,100,1.72,AR,2022-06-13 03:39:50
274,Izhma,65.0083,53.9113,55.29,34,23,3.98,RU,2022-06-13 03:40:50
275,Pisco,-13.7,-76.2167,60.85,82,100,2.3,PE,2022-06-13 03:40:51
276,Pangnirtung,66.1451,-65.7125,25.93,92,80,2.3,CA,2022-06-13 03:40:51
277,Vrangel,42.7297,133.0839,55.54,79,100,13.15,RU,2022-06-13 03:40:52
278,Jinchang,38.4953,102.1739,80.15,7,0,6.6,CN,2022-06-13 03:40:52
279,Xinzhi,36.4989,111.7047,88.32,15,0,16.24,CN,2022-06-13 03:40:52
280,Shafranovo,53.9667,54.7667,50.54,84,99,7.9,RU,2022-06-13 03:40:53
281,Luanda,-8.8368,13.2343,67.37,86,2,6.44,AO,2022-06-13 03:40:53
282,Saldanha,-33.0117,17.9442,55.45,92,100,16.22,ZA,2022-06-13 03:40:54
283,Butaritari,3.0707,172.7902,82.15,69,1,12.66,KI,2022-06-13 03:40:54
284,Sept-Iles,50.2001,-66.3821,55.06,73,40,6.91,CA,2022-06-13 03:40:04
285,Jawhar,2.7809,45.5005,75.16,85,100,10.85,SO,2022-06-13 03:40:55
286,Nome,64.5011,-165.4064,51.17,49,100,10.36,US,2022-06-13 03:40:55
287,Ornskoldsvik,63.2909,18.7153,53.87,83,99,3.94,SE,2022-06-13 03:40:55
288,Washington,47.5001,-120.5015,54.57,72,100,4.83,US,2022-06-13 03:38:03
289,Fairview,40.8126,-73.999,69.62,85,100,10.36,US,2022-06-13 03:40:56
290,Rio Grande,-32.035,-52.0986,53.71,87,84,9.73,BR,2022-06-13 03:40:56
291,Zaysan,47.4667,84.8667,84.0,33,85,4.45,KZ,2022-06-13 03:40:57
292,Jalu,29.0331,21.5482,69.84,70,0,9.66,LY,2022-06-13 03:40:57
293,Bambous Virieux,-20.3428,57.7575,71.85,94,75,14.97,MU,2022-06-13 03:40:58
294,Diego De Almagro,-26.3667,-70.05,55.83,39,0,3.56,CL,2022-06-13 03:40:58
295,Bandarbeyla,9.4942,50.8122,83.12,60,100,26.62,SO,2022-06-13 03:40:58
296,Port Blair,11.6667,92.75,86.04,79,40,5.75,IN,2022-06-13 03:40:59
297,Yumen,40.2833,97.2,83.3,6,0,16.64,CN,2022-06-13 03:40:59
298,Hay River,60.8156,-115.7999,64.38,59,40,4.61,CA,2022-06-13 03:36:40
299,Kutulik,53.3508,102.7839,69.78,48,100,3.53,RU,2022-06-13 03:41:00
300,Georgetown,5.4112,100.3354,87.75,74,20,5.01,MY,2022-06-13 03:38:24
301,Tuatapere,-46.1333,167.6833,45.9,72,96,17.07,NZ,2022-06-13 03:41:01
302,Deputatskiy,69.3,139.9,64.67,26,0,21.61,RU,2022-06-13 03:41:01
303,Hovd,48.0056,91.6419,82.65,19,5,3.04,MN,2022-06-13 03:41:01
304,Tanout,14.9709,8.8879,81.09,50,66,12.44,NE,2022-06-13 03:41:02
305,Kiama,-34.6833,150.8667,56.44,50,5,5.06,AU,2022-06-13 03:41:02
306,Banda Aceh,5.5577,95.3222,85.14,67,64,4.38,ID,2022-06-13 03:41:03
307,Marsa Matruh,31.3525,27.2453,71.8,83,75,6.91,EG,2022-06-13 03:41:03
308,Kiunga,-6.1219,141.2906,86.31,65,95,3.13,PG,2022-06-13 03:41:03
309,Murud,18.3258,72.965,83.28,76,46,10.38,IN,2022-06-13 03:41:04
310,Mombetsu,44.3525,143.3525,50.02,93,75,11.5,JP,2022-06-13 03:41:04
311,Chala,-7.5833,31.2667,56.25,74,96,3.02,TZ,2022-06-13 03:41:05
312,Senador Pompeu,-5.5881,-39.3717,74.05,80,89,3.13,BR,2022-06-13 03:41:05
313,Karratha,-20.7377,116.8463,79.86,35,1,15.57,AU,2022-06-13 03:41:06
314,Victoria,22.2855,114.1577,87.85,81,100,18.01,HK,2022-06-13 03:39:13
315,Mangrol,21.1167,70.1167,85.28,71,70,10.92,IN,2022-06-13 03:41:06
316,Zimovniki,47.1483,42.4633,73.85,47,20,12.66,RU,2022-06-13 03:41:07
317,Muzhi,65.3667,64.6667,46.38,54,97,13.85,RU,2022-06-13 03:41:07
318,Lae,-6.7221,146.9847,92.07,63,52,7.67,PG,2022-06-13 03:41:08
319,Coffs Harbour,-30.3,153.1333,63.14,55,75,9.22,AU,2022-06-13 03:42:08
320,Davila,18.4726,120.5763,89.58,72,88,9.75,PH,2022-06-13 03:42:09
321,Hobyo,5.3505,48.5268,79.41,76,100,23.78,SO,2022-06-13 03:42:09
322,Zhuhai,22.2769,113.5678,91.85,84,40,17.27,CN,2022-06-13 03:42:09
323,Cayenne,4.9333,-52.3333,77.09,1,40,4.0,GF,2022-06-13 03:41:45
324,Nemuro,43.3236,145.575,47.59,87,100,19.44,JP,2022-06-13 03:42:10
325,Fort Nelson,58.8053,-122.7002,65.79,30,40,3.44,CA,2022-06-13 03:41:13
326,Baykit,61.67,96.37,76.12,40,52,3.89,RU,2022-06-13 03:42:10
327,Saint-Leu,-21.15,55.2833,72.32,77,18,8.97,RE,2022-06-13 03:42:11
328,Simao Dias,-10.7383,-37.8111,69.44,99,41,2.26,BR,2022-06-13 03:42:11
329,Paamiut,61.994,-49.6678,34.95,71,93,25.99,GL,2022-06-13 03:42:12
330,Saint-Louis,16.3333,-15.0,74.84,71,91,14.7,SN,2022-06-13 03:42:12
331,Saint-Pierre,-21.3393,55.4781,72.91,88,75,20.71,RE,2022-06-13 03:42:12
332,Mildura,-34.2,142.15,54.07,73,97,2.89,AU,2022-06-13 03:42:13
333,Wamba,8.9333,8.6,71.1,89,75,2.08,NG,2022-06-13 03:40:25
334,Mayo,38.8876,-76.5119,74.26,91,0,5.75,US,2022-06-13 03:42:13
335,Hofn,64.2539,-15.2082,48.85,88,99,10.2,IS,2022-06-13 03:42:14
336,Wanaka,-44.7,169.15,40.1,93,96,1.99,NZ,2022-06-13 03:40:19
337,Chippewa Falls,44.9369,-91.3929,71.78,79,0,6.91,US,2022-06-13 03:39:40
338,Inuvik,68.3499,-133.7218,45.46,67,75,12.66,CA,2022-06-13 03:42:14
339,Qinhuangdao,39.9317,119.5883,69.4,83,99,9.24,CN,2022-06-13 03:38:04
340,Oranjestad,12.524,-70.027,82.35,78,40,21.85,AW,2022-06-13 03:42:15
341,Neiafu,-18.65,-173.9833,83.08,74,40,10.36,TO,2022-06-13 03:42:15
342,Socond,47.5667,22.95,61.0,94,0,2.3,RO,2022-06-13 03:42:16
343,Serenje,-13.2325,30.2352,45.91,90,0,4.83,ZM,2022-06-13 03:42:16
344,Itarema,-2.9248,-39.9167,75.31,85,78,7.83,BR,2022-06-13 03:42:17
345,Pouebo,-20.4,164.5667,76.26,80,100,5.26,NC,2022-06-13 03:42:17
346,Narsaq,60.9167,-46.05,44.82,93,99,5.39,GL,2022-06-13 03:42:17
347,Lagoa,39.05,-27.9833,62.06,84,62,20.0,PT,2022-06-13 03:42:18
348,North Myrtle Beach,33.816,-78.68,80.06,89,75,3.44,US,2022-06-13 03:42:18
349,Kishapu,-3.6167,33.8667,64.67,73,87,10.36,TZ,2022-06-13 03:42:19
350,Phonhong,18.5007,102.4166,88.43,62,100,1.95,LA,2022-06-13 03:42:19
351,Wattegama,6.7989,81.4808,88.57,54,69,1.28,LK,2022-06-13 03:42:20
352,Erzin,36.9559,36.2,70.11,81,16,2.71,TR,2022-06-13 03:42:20
353,Jilib,0.4883,42.7854,74.77,84,45,3.53,SO,2022-06-13 03:42:21
354,Muisne,0.6,-80.0333,75.97,83,96,6.96,EC,2022-06-13 03:42:21
355,Rong Kwang,18.339,100.3174,87.28,61,100,5.01,TH,2022-06-13 03:42:21
356,Areosa,41.7178,-8.8571,67.01,84,26,2.73,PT,2022-06-13 03:42:22
357,Jieshi,22.8134,115.8257,83.12,81,100,15.57,CN,2022-06-13 03:42:22
358,Asau,46.4333,26.4,61.72,89,13,3.6,RO,2022-06-13 03:42:23
359,Port Lincoln,-34.7333,135.8667,59.76,57,42,13.11,AU,2022-06-13 03:42:23
360,Bocaiuva,-17.1078,-43.815,64.11,70,43,2.37,BR,2022-06-13 03:42:24
361,Hibbing,47.4272,-92.9377,61.95,38,100,12.66,US,2022-06-13 03:42:24
362,Ode,7.7899,5.7117,69.24,95,99,3.15,NG,2022-06-13 03:42:24
363,San Carlos,9.6612,-68.5827,71.11,98,99,1.03,VE,2022-06-13 03:42:25
364,Qiyang,26.5911,111.8474,69.69,98,100,2.55,CN,2022-06-13 03:42:25
365,Uvalde,29.3669,-99.767,94.12,43,5,19.42,US,2022-06-13 03:42:26
366,Mizdah,31.4451,12.9801,63.19,57,0,3.24,LY,2022-06-13 03:42:26
367,Mykhaylivka,47.2724,35.2224,67.01,81,29,12.17,UA,2022-06-13 03:42:27
368,Hoganas,56.1997,12.558,55.06,69,82,18.99,SE,2022-06-13 03:43:27
369,Belogorsk,50.9158,128.4611,72.9,59,100,8.66,RU,2022-06-13 03:43:27
370,Menongue,-14.6585,17.691,46.08,78,4,4.14,AO,2022-06-13 03:43:28
371,Sunrise Manor,36.2111,-115.0731,100.49,8,0,25.32,US,2022-06-13 03:40:39
372,Asosa,10.0667,34.5333,62.56,90,100,2.62,ET,2022-06-13 03:43:28
373,Yenotayevka,47.2456,47.0281,73.56,47,26,20.02,RU,2022-06-13 03:43:29
374,Huarmey,-10.0681,-78.1522,63.36,84,7,8.86,PE,2022-06-13 03:39:38
375,Kruisfontein,-34.0033,24.7314,61.7,52,100,1.88,ZA,2022-06-13 03:43:29
376,Quepos,9.4236,-84.1652,74.03,91,100,2.89,CR,2022-06-13 03:43:30
377,Mandalgovi,45.7625,106.2708,71.2,25,46,11.99,MN,2022-06-13 03:43:30
378,Kirakira,-10.4544,161.9205,84.36,71,35,8.7,SB,2022-06-13 03:43:31
379,Cozumel,20.5083,-86.9458,77.95,89,6,9.69,MX,2022-06-13 03:43:31
380,Vila Velha,-20.3297,-40.2925,69.75,91,100,15.99,BR,2022-06-13 03:39:19
381,Beloha,-25.1667,45.05,57.81,75,0,7.38,MG,2022-06-13 03:43:32
382,Grindavik,63.8424,-22.4338,48.67,100,100,11.5,IS,2022-06-13 03:43:32
383,Pemangkat,1.1667,108.9667,82.47,75,100,8.28,ID,2022-06-13 03:43:32
384,Houma,29.5958,-90.7195,82.0,88,0,4.0,US,2022-06-13 03:43:33
385,Mandal,25.45,74.5667,88.39,46,95,4.63,IN,2022-06-13 03:43:33
386,Conde,-7.2597,-34.9075,72.86,94,20,2.3,BR,2022-06-13 03:43:34
387,Quito,-0.2299,-78.5249,49.15,84,100,2.64,EC,2022-06-13 03:43:34
388,Torbay,47.6666,-52.7314,47.75,92,100,13.0,CA,2022-06-13 03:43:35
389,Nhulunbuy,-12.2333,136.7667,83.01,61,40,17.27,AU,2022-06-13 03:43:35
390,Horni Sucha,49.7978,18.4819,63.39,70,13,5.95,CZ,2022-06-13 03:41:32
391,Camacupa,-12.0167,17.4833,47.28,60,1,3.51,AO,2022-06-13 03:43:36
392,Morazan,15.3167,-87.6,74.97,94,100,1.59,HN,2022-06-13 03:43:36
393,Dunedin,-45.8742,170.5036,45.81,80,100,25.01,NZ,2022-06-13 03:43:37
394,Komatipoort,-25.4332,31.9548,53.78,54,0,4.43,ZA,2022-06-13 03:43:37
395,Starodub,52.5844,32.7633,61.36,89,3,8.84,RU,2022-06-13 03:43:37
396,Manutuke,-38.6833,177.9167,52.54,71,78,18.48,NZ,2022-06-13 03:43:38
397,Newala,-10.9431,39.2787,58.32,91,0,0.51,TZ,2022-06-13 03:43:38
398,Despotovac,44.0925,21.4469,59.99,95,8,1.07,RS,2022-06-13 03:43:39
399,Agadir,30.4202,-9.5982,68.45,87,60,3.62,MA,2022-06-13 03:43:39
400,Grants,35.1473,-107.8514,75.43,14,0,9.22,US,2022-06-13 03:43:40
401,Mosta,35.9092,14.4256,70.45,78,0,5.75,MT,2022-06-13 03:43:40
402,Mobaye,4.319,21.1786,69.17,100,100,1.54,CF,2022-06-13 03:43:40
403,Sao Filipe,14.8961,-24.4956,72.82,84,38,6.35,CV,2022-06-13 03:43:41
404,Panalingaan,8.7842,117.4231,87.15,64,94,5.26,PH,2022-06-13 03:43:41
405,Leca Da Palmeira,41.191,-8.7003,72.1,92,0,0.0,PT,2022-06-13 03:43:42
406,Santa Vitoria Do Palmar,-33.5189,-53.3681,45.45,95,6,5.39,BR,2022-06-13 03:43:42
407,Mathathane,-22.2687,28.7495,48.81,67,0,2.57,BW,2022-06-13 03:43:43
408,Caravelas,-17.7125,-39.2481,70.3,92,52,3.71,BR,2022-06-13 03:43:43
409,Mogzon,51.7435,111.9606,71.96,30,38,6.55,RU,2022-06-13 03:43:44
410,Turinsk,58.0458,63.696,50.41,95,100,8.14,RU,2022-06-13 03:43:44
411,Orel-Izumrud,43.4583,39.9244,69.82,68,100,8.95,RU,2022-06-13 03:43:44
412,Oranjemund,-28.55,16.4333,57.78,64,100,8.68,NA,2022-06-13 03:43:45
413,Thunder Bay,48.4001,-89.3168,55.38,76,100,5.75,CA,2022-06-13 03:40:12
414,Pimentel,-6.8367,-79.9342,62.67,88,48,11.61,PE,2022-06-13 03:44:45
415,Hami,42.8,93.45,95.58,5,0,4.76,CN,2022-06-13 03:44:46
416,Sioux Lookout,50.1001,-91.917,62.67,59,100,5.75,CA,2022-06-13 03:44:46
417,Lukovetskiy,64.2956,41.9211,56.8,61,100,7.0,RU,2022-06-13 03:44:46
418,Pervomayskoye,43.919,46.7102,71.64,56,99,10.27,RU,2022-06-13 03:44:47
419,Price,39.5994,-110.8107,85.26,8,0,12.66,US,2022-06-13 03:44:47
420,Dhangadhi,28.7079,80.5961,101.21,26,1,5.73,NP,2022-06-13 03:44:48
421,Rawson,-43.3002,-65.1023,55.26,27,100,12.33,AR,2022-06-13 03:44:48
422,Belen,36.4891,36.2233,60.94,88,40,6.91,TR,2022-06-13 03:44:49
423,Kenai,60.5544,-151.2583,63.03,80,40,8.05,US,2022-06-13 03:44:49
424,Winnemucca,40.973,-117.7357,57.25,72,75,19.57,US,2022-06-13 03:44:49
425,Zharkent,44.1628,80.0,81.41,41,79,5.21,KZ,2022-06-13 03:44:50
426,Balkhash,46.844,74.9804,74.01,35,75,4.47,KZ,2022-06-13 03:44:50
427,Shenjiamen,29.9576,122.298,69.44,93,100,10.11,CN,2022-06-13 03:44:51
428,Rimouski,48.4488,-68.524,60.98,87,100,3.36,CA,2022-06-13 03:42:57
429,Bouar,5.934,15.596,62.56,97,100,3.31,CF,2022-06-13 03:44:51
430,Guilin,25.2819,110.2864,73.51,98,100,4.03,CN,2022-06-13 03:44:52
431,Ayan,56.45,138.1667,42.51,96,100,8.99,RU,2022-06-13 03:44:52
432,Barcelona,41.3888,2.159,76.64,62,20,3.44,ES,2022-06-13 03:44:09
433,Zhezkazgan,47.8043,67.7144,80.58,26,0,11.18,KZ,2022-06-13 03:44:52
434,Ekibastuz,51.6667,75.3667,82.02,30,5,17.85,KZ,2022-06-13 03:44:53
435,Pocao De Pedras,-4.6667,-44.85,71.4,97,19,3.29,BR,2022-06-13 03:44:53
436,Salinopolis,-0.6136,-47.3561,78.15,81,2,6.82,BR,2022-06-13 03:44:10
437,Ouesso,1.6136,16.0517,71.02,85,100,2.68,CG,2022-06-13 03:44:54
438,Teknaf,20.8624,92.3058,86.83,70,30,6.58,BD,2022-06-13 03:44:54
439,San Antonio,29.4241,-98.4936,90.05,57,0,21.85,US,2022-06-13 03:42:59
440,Kloulklubed,7.0419,134.2556,82.9,76,100,11.25,PW,2022-06-13 03:44:55
441,Gigmoto,13.7796,124.39,87.53,67,43,7.09,PH,2022-06-13 03:44:55
442,Nuevo Casas Grandes,30.4167,-107.9167,80.74,32,98,3.0,MX,2022-06-13 03:40:28
443,Payo,-3.7508,103.6372,86.02,62,100,0.92,ID,2022-06-13 03:44:56
444,Naze,28.3667,129.4833,77.92,88,100,20.0,JP,2022-06-13 03:44:56
445,Alyangula,-13.8483,136.4192,78.89,58,35,11.14,AU,2022-06-13 03:44:57
446,Paralimni,35.0375,33.9833,70.14,94,0,1.01,CY,2022-06-13 03:44:57
447,Buraydah,26.326,43.975,79.25,10,0,7.81,SA,2022-06-13 03:44:57
448,Southbridge,42.0751,-72.0334,66.31,95,98,3.83,US,2022-06-13 03:44:58
449,Samarai,-10.6167,150.6667,83.62,71,81,10.85,PG,2022-06-13 03:44:58
450,Perth,-31.9333,115.8333,67.03,60,75,19.57,AU,2022-06-13 03:40:30
451,Esso,55.9333,158.7,43.65,95,100,2.28,RU,2022-06-13 03:44:59
452,Ust-Tsilma,65.441,52.1498,56.28,40,100,3.24,RU,2022-06-13 03:44:59
453,Singaparna,-7.3515,108.111,82.47,70,100,2.37,ID,2022-06-13 03:45:00
454,Yonibana,8.4447,-12.245,73.35,98,95,1.52,SL,2022-06-13 03:45:00
455,Road Town,18.4167,-64.6167,80.69,77,9,20.6,VG,2022-06-13 03:45:01
456,Abha,18.2164,42.5053,64.65,34,0,0.0,SA,2022-06-13 03:44:22
457,Tucurui,-3.7661,-49.6725,74.61,92,97,0.63,BR,2022-06-13 03:45:01
458,Vidim,56.4088,103.1106,78.15,40,56,8.7,RU,2022-06-13 03:45:02
459,Villa Carlos Paz,-31.4241,-64.4978,54.39,37,0,1.99,AR,2022-06-13 03:45:02
460,Tual,-5.6667,132.75,82.02,75,100,8.34,ID,2022-06-13 03:46:03
461,Capinopolis,-18.6819,-49.5697,56.3,33,96,5.61,BR,2022-06-13 03:46:03
462,Port Augusta,-32.5,137.7667,62.17,45,14,12.48,AU,2022-06-13 03:46:03
463,San Julian,21.0167,-102.1667,67.39,48,92,4.7,MX,2022-06-13 03:46:04
464,Roald,62.5833,6.1333,55.9,82,100,11.5,NO,2022-06-13 03:46:04
465,Male,4.1748,73.5089,85.95,79,75,5.75,MV,2022-06-13 03:46:05
466,Makakilo City,21.3469,-158.0858,80.92,62,100,18.41,US,2022-06-13 03:46:05
467,Bubaque,11.2833,-15.8333,80.01,81,99,9.06,GW,2022-06-13 03:46:05
468,Zabol,32.25,67.25,79.34,19,0,17.11,AF,2022-06-13 03:46:06
469,Selenginsk,52.0064,106.8647,75.61,31,80,6.31,RU,2022-06-13 03:46:06
470,Antsla,57.8256,26.5406,53.83,77,18,6.4,EE,2022-06-13 03:46:07
471,Portsmouth,50.799,-1.0913,52.92,92,11,4.0,GB,2022-06-13 03:45:53
472,Carballo,43.213,-8.691,65.55,88,100,9.8,ES,2022-06-13 03:46:07
473,Neryungri,56.6709,124.6491,55.6,71,100,5.84,RU,2022-06-13 03:46:08
474,Catuday,16.2923,119.8062,84.38,69,60,8.03,PH,2022-06-13 03:46:08
475,Portland,45.5234,-122.6762,55.98,75,100,5.01,US,2022-06-13 03:44:50
476,Goure,13.9835,10.2704,85.01,49,3,13.2,NE,2022-06-13 03:46:09
477,Kahului,20.8947,-156.47,84.22,66,20,24.16,US,2022-06-13 03:46:09
478,Miles City,46.4083,-105.8406,59.97,94,100,4.61,US,2022-06-13 03:46:10
479,Fuxin,42.0156,121.6589,65.93,80,100,13.4,CN,2022-06-13 03:46:10
480,Murray Bridge,-35.1167,139.2667,56.12,54,81,10.13,AU,2022-06-13 03:45:27
481,Ulaangom,49.9811,92.0667,82.85,26,83,5.37,MN,2022-06-13 03:46:10
482,Sao Jose Da Coroa Grande,-8.8978,-35.1478,74.84,87,37,2.08,BR,2022-06-13 03:46:11
483,Pucallpa,-8.3791,-74.5539,68.04,83,40,5.75,PE,2022-06-13 03:46:11
484,Puerto Penasco,31.3167,-113.5333,81.91,76,0,5.99,MX,2022-06-13 03:46:12
485,Atherton,53.5237,-2.4935,54.95,80,31,1.99,GB,2022-06-13 03:46:12
486,Shelburne,44.0787,-80.2041,51.12,94,53,6.15,CA,2022-06-13 03:46:12
487,Rusape,-18.5278,32.1284,44.33,89,0,1.7,ZW,2022-06-13 03:46:13
488,Marystown,47.1666,-55.1483,52.86,100,80,3.85,CA,2022-06-13 03:43:04
489,Presidencia Roque Saenz Pena,-26.7852,-60.4388,43.75,67,0,5.84,AR,2022-06-13 03:46:14
490,Asadabad,34.7824,48.1185,67.95,24,0,0.56,IR,2022-06-13 03:46:14
491,Lixourion,38.2019,20.4314,73.06,72,87,4.36,GR,2022-06-13 03:46:15
492,Iwanai,42.9744,140.5089,62.76,73,100,4.85,JP,2022-06-13 03:46:15
493,Roblin,51.23,-101.3565,53.15,97,87,7.99,CA,2022-06-13 03:45:27
494,Vaitape,-16.5167,-151.75,79.75,73,80,21.45,PF,2022-06-13 03:46:15
495,Golakganj,26.1,89.8333,76.69,95,99,4.47,IN,2022-06-13 03:46:16
496,Nijar,36.9665,-2.206,74.84,25,0,12.66,ES,2022-06-13 03:46:16
497,Svetlyy,54.675,20.1347,56.97,84,100,3.4,RU,2022-06-13 03:46:17
498,Nueva Concepcion,14.2,-91.3,73.98,97,99,5.01,GT,2022-06-13 03:46:17
499,Maniitsoq,65.4167,-52.9,34.03,83,99,23.47,GL,2022-06-13 03:46:18
500,Brownwood,31.7093,-98.9912,92.52,33,20,11.5,US,2022-06-13 03:46:18
501,Kalmunai,7.4167,81.8167,87.33,58,71,1.83,LK,2022-06-13 03:46:19
502,Boa Vista,2.8197,-60.6733,78.78,83,75,1.14,BR,2022-06-13 03:46:19
503,Sri Aman,1.2376,111.4621,78.85,94,40,3.44,MY,2022-06-13 03:47:20
504,Sibolga,1.7427,98.7792,86.14,60,61,3.62,ID,2022-06-13 03:47:20
505,Barra Patuca,15.8,-84.2833,77.32,89,100,13.18,HN,2022-06-13 03:47:21
506,Bonfim,3.0833,-59.95,71.47,94,99,2.91,BR,2022-06-13 03:47:21
507,Nioaque,-21.1353,-55.83,46.58,72,0,3.18,BR,2022-06-13 03:47:21
508,Campos Belos,-13.0367,-46.7717,70.68,47,100,1.74,BR,2022-06-13 03:47:22
509,Champerico,14.3,-91.9167,74.68,92,93,9.48,GT,2022-06-13 03:47:23
510,Lima,-12.0432,-77.0282,60.91,84,100,9.22,PE,2022-06-13 03:43:06
511,Henties Bay,-22.116,14.2845,59.5,79,0,3.8,NA,2022-06-13 03:47:23
512,Adrar,20.5022,-10.0711,86.18,33,15,10.78,MR,2022-06-13 03:47:23
513,Mazamet,43.49,2.373,70.07,89,100,14.97,FR,2022-06-13 03:47:24
514,Sao Felix Do Xingu,-6.6447,-51.995,70.88,98,99,0.58,BR,2022-06-13 03:47:24
515,Arcata,40.8665,-124.0828,57.74,80,75,9.22,US,2022-06-13 03:47:25
516,Cedar City,37.6775,-113.0619,79.77,9,0,18.41,US,2022-06-13 03:47:25
517,Dwarka,22.2394,68.9678,86.29,68,61,8.28,IN,2022-06-13 03:47:26
518,Christchurch,-43.5333,172.6333,51.91,60,73,6.91,NZ,2022-06-13 03:47:26
519,Chesley,44.2966,-81.0952,51.08,85,53,1.32,CA,2022-06-13 03:47:04
520,Oktyabrskiy,54.4815,53.471,55.24,80,34,9.08,RU,2022-06-13 03:47:27
521,Douala,4.0483,9.7043,75.11,100,75,0.0,CM,2022-06-13 03:47:27
522,Bikaner,28.0167,73.3,96.37,35,0,11.74,IN,2022-06-13 03:45:08
523,Sabang,5.8933,95.3214,82.94,73,90,3.78,ID,2022-06-13 03:47:27
524,Raga,8.4596,25.678,68.54,95,94,4.36,SS,2022-06-13 03:47:28
525,Takoradi,4.8845,-1.7554,75.78,82,80,5.68,GH,2022-06-13 03:47:28
526,Novouzensk,50.4592,48.1431,62.13,57,4,9.82,RU,2022-06-13 03:47:29
527,Angra Dos Reis,-23.0067,-44.3181,61.83,72,100,3.56,BR,2022-06-13 03:47:29
528,Paita,-5.0892,-81.1144,63.86,82,67,11.25,PE,2022-06-13 03:47:30
529,Avera,33.194,-82.5271,82.54,68,81,5.79,US,2022-06-13 03:47:30
530,Ketchikan,55.3422,-131.6461,54.07,71,100,9.22,US,2022-06-13 03:47:31
531,Eureka,40.8021,-124.1637,57.74,80,78,8.99,US,2022-06-13 03:45:27
532,Pitimbu,-7.4706,-34.8086,73.99,82,9,5.19,BR,2022-06-13 03:47:31
533,Mitu,1.1983,-70.1733,68.23,100,100,1.7,CO,2022-06-13 03:47:32
534,Opunake,-39.4556,173.8583,56.84,73,91,32.46,NZ,2022-06-13 03:47:32
535,Kushima,31.4583,131.2333,67.89,92,100,13.85,JP,2022-06-13 03:47:33
536,Norsup,-16.0667,167.3833,82.35,75,55,5.99,VU,2022-06-13 03:47:33
537,Ojinaga,29.5667,-104.4167,98.42,21,0,5.75,MX,2022-06-13 03:47:33
538,Tres Lagoas,-20.7511,-51.6783,49.77,61,99,5.5,BR,2022-06-13 03:47:34
539,Chaman,30.9236,66.4512,86.86,18,0,6.42,PK,2022-06-13 03:44:19
540,Pili,13.5833,123.3,87.94,64,66,2.35,PH,2022-06-13 03:47:35
541,Bairiki,1.3292,172.9752,86.0,66,20,9.22,KI,2022-06-13 03:47:35
542,Havre-Saint-Pierre,50.2334,-63.5986,52.16,87,100,8.05,CA,2022-06-13 03:47:35
543,Minot,48.2325,-101.2963,73.62,56,75,6.91,US,2022-06-13 03:47:36
544,Hun,29.1268,15.9477,69.93,63,0,6.71,LY,2022-06-13 03:47:36
545,Ahipara,-35.1667,173.1667,56.91,73,8,25.19,NZ,2022-06-13 03:47:37
546,Kampene,-3.6,26.6667,69.73,73,96,2.01,CD,2022-06-13 03:47:37
547,Oytal,42.9057,73.2697,73.42,54,100,4.36,KZ,2022-06-13 03:47:37
548,Opuwo,-18.0607,13.84,52.72,62,0,2.66,NA,2022-06-13 03:44:10
549,Bronnoysund,65.4625,12.1997,50.0,93,100,18.41,NO,2022-06-13 03:48:38
550,Gamba,-2.65,10.0,73.17,91,24,3.78,GA,2022-06-13 03:48:38
551,Cabedelo,-6.9811,-34.8339,74.07,83,13,5.5,BR,2022-06-13 03:48:39
552,Bristol,41.8334,-71.1662,67.66,89,75,1.99,US,2022-06-13 03:48:39
553,Sun Valley,39.5963,-119.776,65.08,49,40,15.01,US,2022-06-13 03:45:29
554,Talcahuano,-36.7167,-73.1167,46.08,81,40,6.91,CL,2022-06-13 03:48:40
555,Los Llanos De Aridane,28.6585,-17.9182,65.95,92,75,6.91,ES,2022-06-13 03:48:40
556,Palmer,42.1584,-72.3287,68.61,87,100,5.75,US,2022-06-13 03:48:40
557,Shimoda,34.6667,138.95,75.56,71,96,13.13,JP,2022-06-13 03:48:41
558,Kieta,-6.2167,155.6333,84.94,67,20,6.04,PG,2022-06-13 03:48:41
559,Jinji,23.2281,110.8261,85.82,76,100,8.19,CN,2022-06-13 03:48:42
560,Pringsewu,-5.3582,104.9744,77.63,84,100,1.61,ID,2022-06-13 03:48:42
561,Lasa,46.6166,10.7002,61.68,68,87,4.45,IT,2022-06-13 03:48:42
562,Padang,-0.9492,100.3543,86.05,63,98,2.68,ID,2022-06-13 03:48:43
563,Eina,60.6295,10.5993,44.51,73,48,2.77,NO,2022-06-13 03:48:43
564,Czersk,53.7959,17.9765,51.46,87,100,1.68,PL,2022-06-13 03:48:44
565,Mount Gambier,-37.8333,140.7667,51.71,87,75,8.05,AU,2022-06-13 03:48:44
566,Ritchie,-29.038,24.6028,47.41,50,40,12.86,ZA,2022-06-13 03:48:45
567,Prince Rupert,54.3161,-130.3201,51.89,80,100,3.44,CA,2022-06-13 03:46:51
568,Vila Do Maio,15.1333,-23.2167,74.19,84,58,13.27,CV,2022-06-13 03:48:45
569,Rabaul,-4.1967,152.1721,83.73,66,34,6.55,PG,2022-06-13 03:48:45
570,Acapulco,16.8634,-99.8901,80.42,83,100,4.61,MX,2022-06-13 03:44:18
571,Sakaiminato,35.55,133.2333,71.53,68,75,23.02,JP,2022-06-13 03:48:46
572,Katsuura,35.1333,140.3,69.22,62,100,11.05,JP,2022-06-13 03:48:47
573,San Patricio,28.017,-97.5169,84.09,82,7,15.84,US,2022-06-13 03:48:47
