City_ID,City,Country,Date,Lat,Lng,Max Temp,Humidity,Cloudiness,Wind Speed
0,Mataura,NZ,2022-06-14 03:54:11,-46.1927,168.8643,43.48,88,100,14.41
1,Arraial Do Cabo,BR,2022-06-14 03:47:43,-22.9661,-42.0278,67.3,81,97,18.23
2,Walvis Bay,NA,2022-06-14 03:49:03,-22.9575,14.5053,58.15,77,57,5.75
3,Bredasdorp,ZA,2022-06-14 03:47:38,-34.5322,20.0403,51.82,85,44,7.14
4,Berdigestyakh,RU,2022-06-14 03:50:27,62.0989,126.6992,58.3,73,93,4.9
5,Vostok,RU,2022-06-14 03:50:27,46.4856,135.8833,76.8,36,2,3.24
6,Puerto Ayora,EC,2022-06-14 03:45:12,-0.7393,-90.3518,71.55,94,74,1.01
7,Hasaki,JP,2022-06-14 03:45:15,35.7333,140.8333,66.6,72,100,15.14
8,Kodiak,US,2022-06-14 03:46:19,57.79,-152.4072,47.71,93,100,10.36
9,Georgetown,MY,2022-06-14 03:51:10,5.4112,100.3354,87.73,82,20,6.91
10,Coos Bay,US,2022-06-14 03:50:28,43.3665,-124.2179,55.92,88,0,10.36
11,Paita,PE,2022-06-14 03:50:28,-5.0892,-81.1144,63.97,80,36,9.98
12,Khatanga,RU,2022-06-14 03:52:12,71.9667,102.5,59.7,42,36,13.33
13,Meliti,GR,2022-06-14 03:50:29,40.8333,21.5833,61.77,88,17,4.36
14,Tasiilaq,GL,2022-06-14 03:54:13,65.6145,-37.6368,35.94,98,100,12.55
15,Qaanaaq,GL,2022-06-14 03:54:13,77.484,-69.3632,21.29,82,48,4.36
16,Atuona,PF,2022-06-14 03:46:27,-9.8,-139.0333,76.62,77,82,18.66
17,Nishihara,JP,2022-06-14 03:50:29,26.1842,127.7558,87.85,84,75,17.27
18,Rikitea,PF,2022-06-14 03:51:37,-23.1203,-134.9692,73.29,65,100,7.45
19,Annaka,JP,2022-06-14 03:50:30,36.3167,138.9,66.33,84,100,4.23
20,Saint-Pierre,RE,2022-06-14 03:50:30,-21.3393,55.4781,72.91,68,0,5.75
21,Kloulklubed,PW,2022-06-14 03:50:31,7.0419,134.2556,82.9,73,98,10.76
22,Camocim,BR,2022-06-14 03:50:31,-2.9022,-40.8411,74.12,89,30,8.66
23,Mar Del Plata,AR,2022-06-14 03:45:17,-38.0023,-57.5575,50.09,74,0,9.22
24,Albany,US,2022-06-14 03:54:15,42.6001,-73.9662,61.92,72,100,4.7
25,Ushuaia,AR,2022-06-14 03:51:32,-54.8,-68.3,40.66,87,40,13.8
26,New Norfolk,AU,2022-06-14 03:45:03,-42.7826,147.0587,55.89,63,84,2.62
27,Busselton,AU,2022-06-14 03:50:20,-33.65,115.3333,64.99,60,9,12.91
28,Punta Arenas,CL,2022-06-14 03:54:16,-53.15,-70.9167,37.51,87,0,11.5
29,Fortuna,US,2022-06-14 03:45:04,40.5982,-124.1573,57.54,75,6,4.0
30,Nikolskoye,RU,2022-06-14 03:54:16,59.7035,30.7861,60.87,79,84,1.21
31,Kahului,US,2022-06-14 03:50:33,20.8947,-156.47,82.42,72,40,23.02
32,Nedryhayliv,UA,2022-06-14 03:50:33,50.834,33.8763,65.32,85,12,5.95
33,Baghdad,IQ,2022-06-14 03:47:44,33.3406,44.4009,78.71,38,0,3.44
34,Narsaq,GL,2022-06-14 03:50:33,60.9167,-46.05,40.35,53,13,1.68
35,Sinjai,ID,2022-06-14 03:50:34,-5.1241,120.253,84.15,72,100,5.14
36,Grand Gaube,MU,2022-06-14 03:54:17,-20.0064,57.6608,74.37,58,93,8.01
37,Cehegin,ES,2022-06-14 03:49:01,38.0924,-1.7985,74.68,32,97,0.38
38,Saint-Philippe,RE,2022-06-14 03:45:09,-21.3585,55.7679,67.59,69,50,15.75
39,Jamestown,US,2022-06-14 03:43:45,42.097,-79.2353,63.05,41,98,1.01
40,Butaritari,KI,2022-06-14 03:46:24,3.0707,172.7902,81.91,75,12,14.97
41,Sao Filipe,CV,2022-06-14 03:49:02,14.8961,-24.4956,73.35,75,60,9.93
42,Camacha,PT,2022-06-14 03:50:35,33.0833,-16.3333,62.02,77,40,0.0
43,Castro,BR,2022-06-14 03:44:42,-24.7911,-50.0119,41.04,96,1,4.18
44,Kashi,CN,2022-06-14 03:50:36,39.4547,75.9797,81.61,12,0,26.84
45,Comodoro Rivadavia,AR,2022-06-14 03:50:22,-45.8667,-67.5,55.26,50,0,10.36
46,Nantucket,US,2022-06-14 03:46:28,41.2835,-70.0995,69.91,97,100,11.5
47,Qax,AZ,2022-06-14 03:50:36,41.4225,46.9242,65.39,75,75,3.38
48,Atocha,BO,2022-06-14 03:54:19,-20.9333,-66.2333,33.49,14,0,5.1
49,Sur,OM,2022-06-14 03:52:54,22.5667,59.5289,86.81,66,2,3.98
50,Bara,NG,2022-06-14 03:54:20,10.3744,10.7288,79.56,66,93,9.31
51,Upernavik,GL,2022-06-14 03:49:04,72.7868,-56.1549,30.4,87,87,5.1
52,Bluff,NZ,2022-06-14 03:51:50,-46.6,168.3333,43.81,67,100,37.6
53,Ilulissat,GL,2022-06-14 03:52:56,69.2167,-51.1,26.47,82,13,6.76
54,Ancud,CL,2022-06-14 03:54:21,-41.8697,-73.8203,50.23,94,100,8.79
55,Ponta Do Sol,PT,2022-06-14 03:45:04,32.6667,-17.1,67.71,62,90,3.44
56,Mabiton,PH,2022-06-14 03:54:21,12.8334,123.2612,85.42,68,41,7.2
57,Kastamonu,TR,2022-06-14 03:54:22,41.5,33.6667,58.32,87,90,1.86
58,Shache,CN,2022-06-14 03:51:36,38.4167,77.2406,88.65,15,88,13.42
59,Fairbanks,US,2022-06-14 03:54:22,64.8378,-147.7164,76.08,29,0,6.91
60,Bengkulu,ID,2022-06-14 03:54:23,-3.8004,102.2655,83.25,65,48,3.87
61,Celestun,MX,2022-06-14 03:54:23,20.8667,-90.4,84.16,64,75,13.91
62,Komsomolskiy,UZ,2022-06-14 03:50:19,40.4272,71.7189,77.72,38,16,4.61
63,Port Alfred,ZA,2022-06-14 03:42:38,-33.5906,26.891,68.18,52,100,3.0
64,Kapaa,US,2022-06-14 03:45:16,22.0752,-159.319,84.18,79,100,17.27
65,Port Elizabeth,ZA,2022-06-14 03:50:16,-33.918,25.5701,62.89,48,0,5.75
66,Kokkola,FI,2022-06-14 03:54:24,63.8385,23.1307,54.03,96,20,5.75
67,Qandala,SO,2022-06-14 03:54:24,11.472,49.8728,91.15,50,97,4.12
68,Avarua,CK,2022-06-14 03:54:25,-21.2078,-159.775,73.45,100,100,12.66
69,Los Llanos De Aridane,ES,2022-06-14 03:47:49,28.6585,-17.9182,64.15,82,40,5.99
70,Ganzhou,CN,2022-06-14 03:54:25,28.8184,115.4327,83.82,66,63,5.55
71,Mahebourg,MU,2022-06-14 03:54:25,-20.4081,57.7,74.25,68,40,14.97
72,Hualmay,PE,2022-06-14 03:54:26,-11.0964,-77.6139,61.93,82,19,10.67
73,Bambous Virieux,MU,2022-06-14 03:51:31,-20.3428,57.7575,74.21,68,40,14.97
74,Kailua,US,2022-06-14 03:54:04,21.4022,-157.7394,82.02,77,75,14.97
75,Santa Fe,AR,2022-06-14 03:54:26,-31.6333,-60.7,53.02,66,20,5.01
76,Puerto Baquerizo Moreno,EC,2022-06-14 03:54:27,-0.9,-89.6,71.94,80,85,7.34
77,Barra Do Garcas,BR,2022-06-14 03:46:30,-15.89,-52.2567,67.69,33,98,1.61
78,Saint George,US,2022-06-14 03:44:50,37.1041,-113.5841,90.19,9,0,10.36
79,Sitka,US,2022-06-14 03:54:28,57.0531,-135.33,52.14,82,74,3.44
80,Strezhevoy,RU,2022-06-14 03:54:28,60.7333,77.5889,61.52,77,94,7.76
81,Miri,MY,2022-06-14 03:54:28,4.4148,114.0089,86.14,79,40,3.44
82,Hobart,AU,2022-06-14 03:50:30,-42.8794,147.3294,56.23,66,75,8.05
83,Luanda,AO,2022-06-14 03:54:29,-8.8368,13.2343,67.53,90,55,8.25
84,Vila Franca Do Campo,PT,2022-06-14 03:51:45,37.7167,-25.4333,63.19,81,52,7.4
85,Harper,LR,2022-06-14 03:54:29,4.375,-7.7169,76.55,78,0,5.23
86,Sanandaj,IR,2022-06-14 03:54:30,35.3144,46.9923,64.42,34,0,0.0
87,Coahuayana,MX,2022-06-14 03:49:10,18.7333,-103.6833,77.76,89,56,3.36
88,Jawhar,SO,2022-06-14 03:54:30,2.7809,45.5005,75.07,81,9,14.47
89,Rio Gallegos,AR,2022-06-14 03:51:26,-51.6226,-69.2181,39.25,87,40,8.05
90,Chuy,UY,2022-06-14 03:51:40,-33.6971,-53.4616,50.27,94,7,5.84
91,Hermanus,ZA,2022-06-14 03:54:31,-34.4187,19.2345,53.8,81,55,17.63
92,Naze,JP,2022-06-14 03:52:48,28.3667,129.4833,79.72,78,100,20.33
93,Oktyabrskoye,RU,2022-06-14 03:54:32,43.0645,44.7417,60.94,93,86,2.24
94,Laizhou,CN,2022-06-14 03:54:32,37.1717,119.9214,74.59,57,100,9.06
95,Provideniya,RU,2022-06-14 03:45:13,64.3833,-173.3,35.71,87,100,11.18
96,Ruidoso,US,2022-06-14 03:54:33,33.3317,-105.673,77.86,16,0,17.27
97,Cidreira,BR,2022-06-14 03:47:36,-30.1811,-50.2056,55.4,92,52,4.47
98,Tevaitoa,PF,2022-06-14 03:54:33,-16.7833,-151.5,80.08,67,28,20.8
99,Tezu,IN,2022-06-14 03:54:34,27.9167,96.1667,75.07,97,100,2.42
100,Halifax,CA,2022-06-14 03:54:34,44.6453,-63.5724,59.34,98,100,9.22
101,Kharp,RU,2022-06-14 03:54:35,66.8014,65.8081,53.22,48,94,3.83
102,Ribeira Grande,PT,2022-06-14 03:54:35,38.5167,-28.7,62.87,79,100,3.74
103,Nouadhibou,MR,2022-06-14 03:52:49,20.931,-17.0347,67.98,88,20,20.71
104,Gonzales,US,2022-06-14 03:49:54,30.2385,-90.9201,84.4,86,0,3.0
105,Qasigiannguit,GL,2022-06-14 03:54:36,68.8193,-51.1922,25.52,87,32,4.25
106,Linxia,CN,2022-06-14 03:54:36,35.6003,103.2064,75.87,21,0,3.0
107,Gambela,ET,2022-06-14 03:54:37,8.25,34.5833,69.42,92,100,4.12
108,Rocha,UY,2022-06-14 03:52:26,-34.4833,-54.3333,47.55,96,39,6.64
109,Vaini,TO,2022-06-14 03:45:00,-21.2,-175.2,80.76,78,20,5.75
110,Tuktoyaktuk,CA,2022-06-14 03:45:01,69.4541,-133.0374,39.2,81,20,12.66
111,Cherskiy,RU,2022-06-14 03:47:41,68.75,161.3,69.39,23,11,9.1
112,Bethel,US,2022-06-14 03:45:04,41.3712,-73.414,71.91,75,0,0.0
113,San Antonio,US,2022-06-14 03:54:38,29.4241,-98.4936,85.26,70,0,21.85
114,Dudinka,RU,2022-06-14 03:54:38,69.4058,86.1778,63.48,46,100,15.82
115,Norsup,VU,2022-06-14 03:54:38,-16.0667,167.3833,82.22,71,15,10.29
116,Saint Anthony,US,2022-06-14 03:53:37,45.0205,-93.218,74.14,88,100,9.22
117,East London,ZA,2022-06-14 03:50:15,-33.0153,27.9116,72.54,37,0,6.91
118,Alexandria,EG,2022-06-14 03:50:50,31.2156,29.9553,71.56,83,40,5.75
119,Kaitangata,NZ,2022-06-14 03:50:25,-46.2817,169.8464,40.28,85,88,19.64
120,Fare,PF,2022-06-14 03:54:40,-16.7,-151.0167,79.66,69,17,20.65
121,Itoman,JP,2022-06-14 03:54:40,26.1247,127.6694,88.57,86,75,16.11
122,Jhalrapatan,IN,2022-06-14 03:54:41,24.55,76.1667,93.36,43,78,13.85
123,Asau,RO,2022-06-14 03:54:41,46.4333,26.4,60.28,91,72,1.48
124,Brae,GB,2022-06-14 03:50:23,60.3964,-1.353,50.72,91,95,12.01
125,Norman Wells,CA,2022-06-14 03:54:41,65.282,-126.8329,51.84,62,40,11.5
126,Faanui,PF,2022-06-14 03:51:44,-16.4833,-151.75,79.86,71,11,21.81
127,Saskylakh,RU,2022-06-14 03:46:31,71.9167,114.0833,73.13,26,100,4.85
128,Hami,CN,2022-06-14 03:51:42,42.8,93.45,98.29,3,14,4.83
129,Isiro,CD,2022-06-14 03:54:42,2.7739,27.616,63.9,99,70,0.85
130,Bowen,AU,2022-06-14 03:53:17,-20.0167,148.2333,71.69,57,26,11.45
131,Talnakh,RU,2022-06-14 03:46:33,69.4865,88.3972,68.9,40,92,1.57
132,Boa Vista,BR,2022-06-14 03:54:43,2.8197,-60.6733,76.98,83,40,0.0
133,Severo-Kurilsk,RU,2022-06-14 03:46:29,50.6789,156.125,45.7,89,89,12.37
134,Dhankuta,NP,2022-06-14 03:54:43,26.9833,87.3333,74.26,79,67,5.01
135,Skjervoy,NO,2022-06-14 03:54:44,70.0311,20.9714,44.6,91,100,7.0
136,Abnub,EG,2022-06-14 03:54:44,27.2696,31.1511,77.22,35,0,5.06
137,Thompson,CA,2022-06-14 03:54:45,55.7435,-97.8558,69.96,40,40,3.44
138,Sarangani,PH,2022-06-14 03:54:45,5.4033,125.4636,84.16,69,100,9.51
139,Hilo,US,2022-06-14 03:46:22,19.7297,-155.09,82.27,96,100,10.36
140,Gravelbourg,CA,2022-06-14 03:54:46,49.8834,-106.5512,56.8,82,85,14.23
141,Aksarka,RU,2022-06-14 03:54:46,66.5606,67.7975,43.7,62,100,10.13
142,Aguimes,ES,2022-06-14 03:54:46,27.9054,-15.4461,66.83,83,75,14.97
143,Pisco,PE,2022-06-14 03:52:47,-13.7,-76.2167,62.65,67,100,8.05
144,Port Hardy,CA,2022-06-14 03:54:07,50.6996,-127.4199,51.98,87,40,3.44
145,Graham,US,2022-06-14 03:54:47,47.0529,-122.2943,54.16,80,100,16.11
146,Kongsberg,NO,2022-06-14 03:54:47,59.6652,9.6465,54.37,67,20,5.99
147,Yar-Sale,RU,2022-06-14 03:46:27,66.8333,70.8333,44.53,69,99,15.03
148,Longyearbyen,SJ,2022-06-14 03:54:48,78.2186,15.6401,40.84,70,75,11.5
149,Buchanan,LR,2022-06-14 03:54:48,5.8808,-10.0467,77.27,76,47,6.24
150,Letlhakane,BW,2022-06-14 03:54:49,-21.4167,25.5833,50.0,60,0,6.76
151,Tigil,RU,2022-06-14 03:54:49,57.8,158.6667,50.58,65,90,6.15
152,Canguaretama,BR,2022-06-14 03:54:50,-6.38,-35.1289,72.79,85,5,5.55
153,Kota Bahru,MY,2022-06-14 03:54:50,6.1333,102.2386,87.75,62,20,5.01
154,Christchurch,NZ,2022-06-14 03:50:05,-43.5333,172.6333,55.9,65,76,10.36
155,Cape Town,ZA,2022-06-14 03:40:24,-33.9258,18.4232,54.27,92,75,7.0
156,Broome,US,2022-06-14 03:49:05,42.2506,-75.833,60.01,78,0,4.61
157,Prabumulih,ID,2022-06-14 03:54:51,-3.45,104.25,86.4,60,100,4.09
158,Yellowknife,CA,2022-06-14 03:54:51,62.456,-114.3525,59.52,55,20,5.75
159,Cabo San Lucas,MX,2022-06-14 03:45:15,22.8909,-109.9124,90.7,56,0,11.99
160,Dobryanka,RU,2022-06-14 03:54:52,58.4619,56.4165,58.89,56,100,4.43
161,Puebloviejo,CO,2022-06-14 03:54:52,10.9938,-74.2844,77.18,83,40,6.91
162,Hudson Bay,CA,2022-06-14 03:54:53,52.85,-102.3842,60.3,74,100,8.52
163,Mildura,AU,2022-06-14 03:54:53,-34.2,142.15,58.06,65,4,17.22
164,Northam,GB,2022-06-14 03:54:54,51.0333,-4.2167,50.61,91,1,2.59
165,Bac Lieu,VN,2022-06-14 03:54:54,9.285,105.7244,87.13,65,35,7.76
166,Troitskoye,RU,2022-06-14 03:54:54,52.9821,84.6757,76.39,59,78,7.16
167,Port Macquarie,AU,2022-06-14 03:54:55,-31.4333,152.9167,67.89,57,0,7.23
168,Noumea,NC,2022-06-14 03:54:55,-22.2763,166.4572,77.0,99,100,12.5
169,Kavaratti,IN,2022-06-14 03:51:29,10.5669,72.642,83.05,77,88,14.5
170,Lebu,CL,2022-06-14 03:47:41,-37.6167,-73.65,50.05,94,100,14.38
171,Port Moresby,PG,2022-06-14 03:54:56,-9.4431,147.1797,87.22,66,40,11.5
172,Springdale,US,2022-06-14 03:53:15,36.1867,-94.1288,82.56,76,0,8.05
173,Hithadhoo,MV,2022-06-14 03:54:56,-0.6,73.0833,83.26,71,36,6.73
174,Huarmey,PE,2022-06-14 03:54:57,-10.0681,-78.1522,62.89,85,11,10.09
175,Ferrol,ES,2022-06-14 03:54:57,43.4832,-8.2369,65.35,86,11,5.12
176,Te Anau,NZ,2022-06-14 03:52:53,-45.4167,167.7167,40.77,81,65,12.21
177,Baruun-Urt,MN,2022-06-14 03:54:58,46.6806,113.2792,71.49,32,59,9.93
178,Taltal,CL,2022-06-14 03:54:58,-25.4,-70.4833,55.11,85,49,3.02
179,Clyde River,CA,2022-06-14 03:51:41,70.4692,-68.5914,34.03,86,100,4.61
180,Ahipara,NZ,2022-06-14 03:48:57,-35.1667,173.1667,59.68,60,11,13.27
181,Xuddur,SO,2022-06-14 03:54:59,4.1213,43.8894,71.38,73,49,18.61
182,Cafelandia,BR,2022-06-14 03:54:59,-21.8025,-49.61,51.91,79,0,10.47
183,Nelson Bay,AU,2022-06-14 03:52:50,-32.7167,152.15,66.0,61,5,1.99
184,Langsa,ID,2022-06-14 03:55:00,4.4683,97.9683,84.61,73,90,3.04
185,Cayenne,GF,2022-06-14 03:54:17,4.9333,-52.3333,76.08,1,100,2.3
186,Margate,GB,2022-06-14 03:50:11,51.3813,1.3862,53.69,80,6,1.01
187,Fethiye,TR,2022-06-14 03:55:00,36.6217,29.1164,69.67,66,81,2.33
188,Bucerias,MX,2022-06-14 03:54:04,20.75,-105.3333,80.02,74,67,1.66
189,Barrow,US,2022-06-14 03:47:45,71.2906,-156.7887,37.42,75,0,17.27
190,Normandin,CA,2022-06-14 03:55:01,48.8333,-72.5321,57.51,94,16,5.75
191,Talas,TR,2022-06-14 03:55:01,38.6908,35.5538,54.27,94,20,0.0
192,Kelamangalam,IN,2022-06-14 03:55:02,12.6,77.85,84.0,62,82,12.01
193,Hokitika,NZ,2022-06-14 03:55:02,-42.7167,170.9667,51.94,72,91,26.75
194,Rodeo,US,2022-06-14 03:55:02,38.033,-122.2669,72.07,56,0,7.0
195,Sattahip,TH,2022-06-14 03:55:03,12.6664,100.9007,92.98,70,20,11.5
196,Vila,PT,2022-06-14 03:55:03,42.0304,-8.1588,58.69,89,98,3.36
197,Srednekolymsk,RU,2022-06-14 03:54:17,67.45,153.6833,74.41,20,0,14.76
198,Balykshi,KZ,2022-06-14 03:55:04,47.0667,51.8667,69.8,46,0,13.42
199,Helong,CN,2022-06-14 03:55:04,42.5397,128.9972,69.08,56,54,8.84
200,Brandon,US,2022-06-14 03:52:21,27.9378,-82.2859,82.63,87,0,4.0
201,Pevek,RU,2022-06-14 03:47:37,69.7008,170.3133,39.72,67,27,7.16
202,Mackay,AU,2022-06-14 03:55:05,-21.15,149.2,75.69,73,3,11.41
203,Grand-Santi,GF,2022-06-14 03:55:05,4.25,-54.3833,72.07,99,100,2.75
204,Green River,US,2022-06-14 03:51:37,41.5286,-109.4662,50.99,65,81,1.01
205,Manthani,IN,2022-06-14 03:55:06,18.65,79.6667,93.6,46,26,7.94
206,Marzuq,YE,2022-06-14 03:55:06,14.4,46.4667,85.23,25,99,1.3
207,Adamas,GR,2022-06-14 03:55:07,36.7333,24.4333,73.35,76,0,19.15
208,Kasangulu,CD,2022-06-14 03:55:07,-4.5911,15.1708,70.68,77,100,3.38
209,Bakchar,RU,2022-06-14 03:55:08,57.0186,82.0711,75.09,57,61,4.81
210,Ambovombe,MG,2022-06-14 03:55:08,-25.1667,46.0833,60.53,73,0,5.21
211,Cairns,AU,2022-06-14 03:47:42,-16.9167,145.7667,83.07,58,100,12.66
212,Nizhniy Baskunchak,RU,2022-06-14 03:55:09,48.2198,46.8311,73.11,39,26,11.1
213,Arkadelphia,US,2022-06-14 03:55:09,34.1209,-93.0538,82.99,92,0,0.0
214,Tsumeb,NA,2022-06-14 03:55:09,-19.2333,17.7167,54.03,45,0,5.1
215,Paamiut,GL,2022-06-14 03:45:11,61.994,-49.6678,36.81,78,8,27.42
216,Quatre Cocos,MU,2022-06-14 03:55:10,-20.2078,57.7625,74.08,64,91,17.18
217,Nurota,UZ,2022-06-14 03:55:10,40.5614,65.6886,86.92,14,7,1.66
218,Trairi,BR,2022-06-14 03:54:55,-3.2778,-39.2689,76.39,82,0,8.55
219,Meulaboh,ID,2022-06-14 03:51:20,4.1363,96.1285,84.54,64,64,4.47
220,Bourg-En-Bresse,FR,2022-06-14 03:55:11,46.1667,5.1667,57.02,86,6,1.57
221,Serebryansk,KZ,2022-06-14 03:55:12,49.6925,83.2892,72.82,69,100,3.76
222,Evensk,RU,2022-06-14 03:55:12,61.95,159.2333,49.93,69,0,10.78
223,Haines Junction,CA,2022-06-14 03:51:41,60.7522,-137.5108,55.35,58,100,5.75
224,Krasnoshchekovo,RU,2022-06-14 03:55:13,51.6708,82.7289,78.71,53,92,6.46
225,Airai,TL,2022-06-14 03:48:58,-8.9266,125.4092,68.05,77,92,3.31
226,Barcelos,PT,2022-06-14 03:55:13,41.5388,-8.6151,70.84,86,93,1.97
227,Yulara,AU,2022-06-14 03:51:17,-25.2406,130.9889,71.74,22,0,6.31
228,Roald,NO,2022-06-14 03:47:36,62.5833,6.1333,54.16,93,100,4.61
229,Trussville,US,2022-06-14 03:55:14,33.6198,-86.6089,82.29,93,63,3.49
230,Methven,NZ,2022-06-14 03:55:14,-43.6333,171.65,46.02,87,2,5.01
231,Verkhoyansk,RU,2022-06-14 03:51:44,67.5447,133.385,68.38,33,48,5.57
232,Alofi,NU,2022-06-14 03:53:02,-19.0595,-169.9187,80.49,74,40,11.5
233,Touros,BR,2022-06-14 03:51:58,-5.1989,-35.4608,74.84,77,2,8.77
234,Aklavik,CA,2022-06-14 03:52:55,68.2191,-135.0107,55.02,52,100,10.29
235,Taoudenni,ML,2022-06-14 03:51:35,22.6783,-3.9836,91.78,11,0,6.06
236,Ormara,PK,2022-06-14 03:55:15,25.2088,64.6357,83.17,80,1,8.01
237,Torbat-E Jam,IR,2022-06-14 03:55:16,35.244,60.6225,88.52,15,2,5.5
238,Ust-Kuyga,RU,2022-06-14 03:55:16,70.0167,135.6,73.98,30,95,5.01
239,Kushchevskaya,RU,2022-06-14 03:55:17,46.5564,39.6386,73.38,48,99,3.76
240,Alta Floresta,BR,2022-06-14 03:55:17,-9.8756,-56.0861,66.99,74,20,4.16
241,Takoradi,GH,2022-06-14 03:55:17,4.8845,-1.7554,76.69,82,66,6.15
242,Leningradskiy,RU,2022-06-14 03:47:41,69.3833,178.4167,34.2,81,100,7.54
243,Khanpur,PK,2022-06-14 03:55:18,28.6453,70.6567,100.26,32,0,16.49
244,Oruro,BO,2022-06-14 03:55:18,-17.9833,-67.15,31.73,18,0,2.15
245,Carnarvon,AU,2022-06-14 03:47:40,-24.8667,113.6333,68.49,50,70,9.1
246,Lake Charles,US,2022-06-14 03:55:19,30.2131,-93.2044,82.98,87,0,6.91
247,Kyrylivka,UA,2022-06-14 03:55:19,46.3759,35.3675,72.14,70,5,8.03
248,Chokurdakh,RU,2022-06-14 03:55:20,70.6333,147.9167,73.18,18,5,17.6
249,Verkhnetulomskiy,RU,2022-06-14 03:55:20,68.6073,31.7962,50.13,62,31,3.29
250,Lazaro Cardenas,MX,2022-06-14 03:55:20,17.9583,-102.2,80.38,81,94,12.82
251,Vihari,PK,2022-06-14 03:55:21,30.0333,72.35,103.12,27,21,15.86
252,Vanimo,PG,2022-06-14 03:55:21,-2.6741,141.3028,86.54,63,92,9.24
253,Haapiti,PF,2022-06-14 03:55:22,-17.5667,-149.8667,80.33,68,6,18.84
254,Hambantota,LK,2022-06-14 03:55:22,6.1241,81.1185,86.34,70,20,9.22
255,Beya,RU,2022-06-14 03:55:23,53.0533,90.9139,67.95,77,97,1.52
256,Ornskoldsvik,SE,2022-06-14 03:55:23,63.2909,18.7153,53.8,69,41,8.63
257,Bilibino,RU,2022-06-14 03:55:23,68.0546,166.4372,68.2,24,20,4.56
258,Boyabat,TR,2022-06-14 03:55:24,41.4689,34.7667,65.44,79,14,4.7
259,Umiray,PH,2022-06-14 03:55:24,15.2206,121.4111,87.44,67,69,3.98
260,Tiksi,RU,2022-06-14 03:55:25,71.6872,128.8694,49.93,57,81,2.59
261,Redmond,US,2022-06-14 03:54:50,47.674,-122.1215,56.12,80,99,5.01
262,Mae Hong Son,TH,2022-06-14 03:55:25,19.3003,97.9685,82.54,69,75,1.14
263,Dunedin,NZ,2022-06-14 03:53:37,-45.8742,170.5036,42.8,69,49,11.01
264,Khandbari,NP,2022-06-14 03:55:26,27.3747,87.2039,83.5,60,65,2.77
265,Kalininsk,RU,2022-06-14 03:55:26,51.5,44.4758,61.34,71,100,5.53
266,Poum,NC,2022-06-14 03:55:27,-20.2333,164.0167,75.67,83,100,7.38
267,Shimoda,JP,2022-06-14 03:55:27,34.6667,138.95,64.76,85,100,18.14
268,Zhuhai,CN,2022-06-14 03:55:27,22.2769,113.5678,83.98,84,40,13.8
269,Palu,ID,2022-06-14 03:55:28,-0.8917,119.8707,85.55,73,88,3.04
270,Arak,IR,2022-06-14 03:55:28,34.0917,49.6892,65.16,34,0,4.61
271,Alekseyevka,RU,2022-06-14 03:55:29,50.6309,38.6903,66.36,84,8,3.89
272,Lavrentiya,RU,2022-06-14 03:47:37,65.5833,-171.0,39.47,65,87,4.23
273,Dinguiraye,GN,2022-06-14 03:55:29,11.3,-10.7167,71.73,86,71,1.43
274,Souillac,MU,2022-06-14 03:55:29,-20.5167,57.5167,71.98,68,40,14.97
275,Kirakira,SB,2022-06-14 03:55:30,-10.4544,161.9205,83.73,74,27,8.7
276,Lucapa,AO,2022-06-14 03:55:30,-8.4192,20.7447,60.19,53,7,4.03
277,Muzaffarnagar,IN,2022-06-14 03:55:31,29.4667,77.6833,104.79,22,3,15.14
278,Deputatskiy,RU,2022-06-14 03:53:09,69.3,139.9,63.75,35,100,7.34
279,Rio Bueno,CL,2022-06-14 03:55:31,-40.3167,-72.9667,48.34,98,100,3.04
280,Opunake,NZ,2022-06-14 03:54:04,-39.4556,173.8583,58.84,77,95,27.47
281,Carora,VE,2022-06-14 03:55:32,10.1755,-70.0827,73.24,80,56,8.39
282,Cervo,ES,2022-06-14 03:55:32,43.6702,-7.4101,63.16,96,100,8.41
283,Rantepao,ID,2022-06-14 03:55:32,-2.9701,119.8978,80.37,67,73,3.91
284,Lufilufi,WS,2022-06-14 03:55:33,-13.8745,-171.5986,91.18,79,17,15.41
285,Pirapozinho,BR,2022-06-14 03:55:33,-22.2753,-51.5,56.68,67,0,12.66
286,Embu,BR,2022-06-14 03:55:33,-23.6489,-46.8522,55.11,98,38,5.5
287,Ballina,AU,2022-06-14 03:55:34,-28.8667,153.5667,68.02,74,73,4.03
288,Seryshevo,RU,2022-06-14 03:55:34,51.0933,128.3786,73.33,62,94,15.35
289,Labuhan,ID,2022-06-14 03:51:18,-6.8844,112.2051,83.86,71,98,6.17
290,Portland,US,2022-06-14 03:51:15,45.5234,-122.6762,56.48,75,47,5.01
291,Nuuk,GL,2022-06-14 03:55:35,64.1835,-51.7216,36.88,82,11,8.99
292,Torbay,CA,2022-06-14 03:55:35,47.6666,-52.7314,41.29,94,75,6.91
293,Itarema,BR,2022-06-14 03:46:34,-2.9248,-39.9167,75.58,84,16,9.84
294,Grand Baie,MU,2022-06-14 03:55:36,-20.0182,57.5802,74.44,58,87,8.01
295,Tessalit,ML,2022-06-14 03:55:36,20.1986,1.0114,89.08,22,57,6.96
296,Riyadh,SA,2022-06-14 03:55:20,24.6877,46.7219,84.34,12,0,2.39
297,Muravlenko,RU,2022-06-14 03:55:38,63.7898,74.523,66.69,66,67,10.29
298,Businga,CD,2022-06-14 03:55:38,3.3333,20.8833,69.4,97,100,0.47
299,Port Lincoln,AU,2022-06-14 03:49:56,-34.7333,135.8667,63.0,68,23,24.65
300,Visby,SE,2022-06-14 03:55:06,57.6409,18.296,55.62,82,75,10.36
301,Iqaluit,CA,2022-06-14 03:55:39,63.7506,-68.5145,40.73,86,75,2.3
302,Filingue,NE,2022-06-14 03:55:39,14.3521,3.3168,86.38,50,31,17.72
303,Mitsamiouli,KM,2022-06-14 03:55:26,-11.3847,43.2844,76.68,70,11,4.88
304,Astana,KZ,2022-06-14 03:51:23,51.1801,71.446,66.15,68,40,6.71
305,Murfreesboro,US,2022-06-14 03:52:09,35.8456,-86.3903,86.0,83,0,5.75
306,Scarborough,GB,2022-06-14 03:54:43,54.2797,-0.4044,51.91,82,79,1.01
307,Beyneu,KZ,2022-06-14 03:55:40,45.3167,55.2,76.6,24,93,15.46
308,Atar,MR,2022-06-14 03:55:40,20.5169,-13.0499,88.74,35,66,6.8
309,Hyeres,FR,2022-06-14 03:51:58,43.1167,6.1167,68.41,94,0,0.0
310,Bathsheba,BB,2022-06-14 03:55:41,13.2167,-59.5167,79.41,83,20,16.11
311,Mattru,SL,2022-06-14 03:55:41,7.6244,-11.8332,72.81,97,97,1.5
312,Tura,IN,2022-06-14 03:55:42,25.5198,90.2201,75.29,97,100,4.25
313,Lasa,IT,2022-06-14 03:55:42,46.6166,10.7002,51.37,75,0,3.78
314,Port Blair,IN,2022-06-14 03:55:34,11.6667,92.75,86.04,79,40,6.91
315,Lompoc,US,2022-06-14 03:55:43,34.6391,-120.4579,61.59,73,0,17.27
316,Banepa,NP,2022-06-14 03:55:43,27.6298,85.5214,70.12,100,75,0.0
317,Fort Morgan,US,2022-06-14 03:55:44,40.2503,-103.8,77.65,36,20,46.04
318,Basirhat,IN,2022-06-14 03:55:44,22.6685,88.8697,92.07,48,94,17.45
319,Garowe,SO,2022-06-14 03:54:16,8.4054,48.4845,77.5,57,99,26.46
320,Pori,FI,2022-06-14 03:55:44,61.4833,21.7833,50.07,93,20,2.3
321,Ranong,TH,2022-06-14 03:55:45,9.9658,98.6348,89.53,66,75,4.5
322,Dali,CN,2022-06-14 03:55:45,25.7,100.1833,60.19,89,100,3.83
323,Kavieng,PG,2022-06-14 03:47:46,-2.5744,150.7967,83.28,72,73,12.5
324,Montecristi,EC,2022-06-14 03:55:46,-1.05,-80.6667,71.42,88,100,3.44
325,Jagdalpur,IN,2022-06-14 03:55:46,19.0667,82.0333,92.55,40,30,8.12
326,Mount Gambier,AU,2022-06-14 03:46:26,-37.8333,140.7667,57.16,57,93,13.73
327,Vojens,DK,2022-06-14 03:55:47,55.2464,9.306,54.54,82,75,5.75
328,Ostrovnoy,RU,2022-06-14 03:47:44,68.0531,39.5131,46.45,89,97,5.79
329,Pemba,MZ,2022-06-14 03:55:48,-12.974,40.5178,69.87,86,18,7.38
330,Teya,RU,2022-06-14 03:55:48,60.3778,92.6267,75.34,44,79,3.6
331,Saint-Augustin,CA,2022-06-14 03:51:36,51.226,-58.6502,53.51,70,15,1.57
332,Kununurra,AU,2022-06-14 03:55:48,-15.7667,128.7333,84.18,15,0,12.66
333,Emmaus,US,2022-06-14 03:55:49,40.5395,-75.4968,73.2,84,0,4.61
334,Ponta Delgada,PT,2022-06-14 03:55:49,37.7333,-25.6667,63.5,82,20,6.91
335,Novoseleznevo,RU,2022-06-14 03:55:49,55.6821,69.2056,53.55,91,99,5.1
336,Mahuva,IN,2022-06-14 03:55:50,21.0914,71.7622,87.49,65,20,14.65
337,Muros,ES,2022-06-14 03:55:27,42.7762,-9.0603,66.09,87,23,4.16
338,Garmsar,IR,2022-06-14 03:55:50,35.2182,52.3409,91.98,13,6,2.39
339,Traverse City,US,2022-06-14 03:52:47,44.7631,-85.6206,65.84,81,85,7.78
340,Piacabucu,BR,2022-06-14 03:55:51,-10.4056,-36.4344,74.25,86,22,1.45
341,Bairiki,KI,2022-06-14 03:55:51,1.3292,172.9752,86.0,66,40,12.66
342,Svetlogorsk,BY,2022-06-14 03:55:52,52.6333,29.7333,58.21,96,69,12.97
343,Victoria,HK,2022-06-14 03:46:43,22.2855,114.1577,84.38,88,100,18.01
344,Kayes,ML,2022-06-14 03:55:52,14.0,-11.0,81.32,66,78,6.89
345,Barbastro,ES,2022-06-14 03:55:52,42.0356,0.1269,73.58,46,100,4.34
346,Lafia,NG,2022-06-14 03:55:53,8.4833,8.5167,75.79,87,77,2.15
347,Batagay-Alyta,RU,2022-06-14 03:55:53,67.8006,130.4114,64.72,34,30,8.46
348,Laguna,US,2022-06-14 03:52:58,38.421,-121.4238,79.09,21,0,13.8
349,Benghazi,LY,2022-06-14 03:55:54,32.1167,20.0667,73.08,79,0,8.9
350,Angoche,MZ,2022-06-14 03:55:54,-16.2325,39.9086,67.44,93,33,5.75
351,Malmesbury,ZA,2022-06-14 03:55:55,-33.4608,18.7271,51.78,94,76,11.59
352,Kuryk,KZ,2022-06-14 03:55:55,43.2,51.65,79.95,39,92,3.11
353,Marang,MY,2022-06-14 03:55:55,5.2056,103.2059,87.71,62,26,5.79
354,Gat,IL,2022-06-14 03:48:05,31.61,34.7642,70.48,75,4,3.06
355,Manokwari,ID,2022-06-14 03:55:23,-0.8667,134.0833,84.06,69,98,11.3
356,Yeppoon,AU,2022-06-14 03:52:18,-23.1333,150.7333,73.18,73,98,6.15
357,Shingu,JP,2022-06-14 03:55:56,33.7333,135.9833,65.32,96,100,23.78
358,Esna,EG,2022-06-14 03:55:57,25.2934,32.554,78.82,29,0,10.29
359,Abalak,RU,2022-06-14 03:55:57,58.1286,68.5944,50.25,97,100,5.88
360,Verkhnevilyuysk,RU,2022-06-14 03:55:58,63.4453,120.3167,62.94,54,82,7.16
361,Flin Flon,CA,2022-06-14 03:46:18,54.7682,-101.865,61.81,58,86,5.41
362,Sai Buri,TH,2022-06-14 03:55:58,6.7013,101.6168,89.31,71,17,1.41
363,Nanortalik,GL,2022-06-14 03:55:04,60.1432,-45.2371,37.38,76,18,24.58
364,Luderitz,NA,2022-06-14 03:55:59,-26.6481,15.1594,56.84,92,20,8.1
365,Sherlovaya Gora,RU,2022-06-14 03:55:59,50.5667,116.25,69.66,40,4,3.71
366,Esperance,AU,2022-06-14 03:49:09,-33.8667,121.9,60.64,71,84,13.94
367,Kyotera,UG,2022-06-14 03:55:59,-0.6156,31.5175,65.64,69,71,1.88
368,Lingyuan,CN,2022-06-14 03:56:00,41.24,119.4011,61.79,91,100,6.15
369,Cockburn Town,TC,2022-06-14 03:56:00,21.4612,-71.1419,79.65,85,2,16.78
370,Sao Joao Da Barra,BR,2022-06-14 03:56:01,-21.6403,-41.0511,65.05,79,100,14.27
371,Byron Bay,AU,2022-06-14 03:46:17,-28.65,153.6167,67.95,74,75,4.27
372,Tay Ninh,VN,2022-06-14 03:56:01,11.3,106.1,89.92,58,27,5.84
373,Varhaug,NO,2022-06-14 03:51:38,58.6147,5.6457,53.15,90,100,11.14
374,Azatavan,AM,2022-06-14 03:56:02,39.9832,44.5053,64.6,52,39,0.81
375,Salina,US,2022-06-14 03:56:02,38.8403,-97.6114,86.31,62,23,13.0
376,Lubliniec,PL,2022-06-14 03:56:03,50.669,18.6844,51.49,90,43,6.73
377,Namibe,AO,2022-06-14 03:56:03,-15.1961,12.1522,65.16,61,0,7.29
378,Pontianak,ID,2022-06-14 03:56:03,-0.0333,109.3333,85.98,70,40,5.75
379,Amapa,BR,2022-06-14 03:56:04,1.0,-52.0,70.12,97,100,1.97
380,Dubbo,AU,2022-06-14 03:56:04,-32.25,148.6167,55.53,62,0,5.75
381,Maraa,BR,2022-06-14 03:56:05,-1.8333,-65.3667,68.72,99,100,1.86
382,Saldanha,ZA,2022-06-14 03:46:24,-33.0117,17.9442,53.65,78,78,21.12
383,Rio Grande,BR,2022-06-14 03:56:05,-32.035,-52.0986,55.35,85,8,4.99
384,West Wendover,US,2022-06-14 03:53:25,40.7391,-114.0733,54.61,47,100,10.36
385,Sobolevo,RU,2022-06-14 03:56:06,54.4299,31.8996,58.01,86,63,9.44
386,Port Hedland,AU,2022-06-14 03:46:22,-20.3167,118.5667,84.25,23,5,14.97
387,Sechura,PE,2022-06-14 03:56:06,-5.5569,-80.8222,64.18,75,9,10.96
388,Belaya Gora,RU,2022-06-14 03:56:07,68.5333,146.4167,72.54,19,99,16.78
389,Kara,TG,2022-06-14 03:56:07,9.5511,1.1861,75.25,82,55,1.52
390,Hearst,CA,2022-06-14 03:56:08,49.6835,-83.6665,57.45,76,70,2.93
391,Veraval,IN,2022-06-14 03:56:08,20.9,70.3667,86.04,69,50,9.26
392,Verkh-Usugli,RU,2022-06-14 03:56:08,52.7,115.1667,78.78,24,16,4.9
393,El Oro,MX,2022-06-14 03:56:09,26.8667,-105.85,64.85,64,65,19.08
394,Henties Bay,NA,2022-06-14 03:53:27,-22.116,14.2845,57.79,85,8,5.88
395,Kidal,ML,2022-06-14 03:56:10,18.4411,1.4078,92.8,19,31,13.58
396,Montorio Al Vomano,IT,2022-06-14 03:56:10,42.5831,13.6383,70.95,58,52,1.39
397,Sembakung,ID,2022-06-14 03:56:10,3.8167,117.25,92.86,47,70,1.28
398,Kilimatinde,TZ,2022-06-14 03:56:11,-5.85,34.95,57.69,74,1,1.5
399,Rosita,NI,2022-06-14 03:54:47,13.9268,-84.4032,71.87,100,100,1.74
400,Labrea,BR,2022-06-14 03:56:11,-7.2586,-64.7981,71.6,82,95,2.51
401,Wanning,CN,2022-06-14 03:56:12,18.8003,110.3967,88.97,67,100,11.45
402,Praxedis Guerrero,MX,2022-06-14 03:56:12,31.3667,-106.0167,84.63,27,74,24.47
403,Egvekinot,RU,2022-06-14 03:56:12,66.3167,-179.1667,36.19,54,100,9.71
404,Puerto Carreno,CO,2022-06-14 03:56:13,6.189,-67.4859,71.76,94,100,9.08
405,Lagoa,PT,2022-06-14 03:51:32,39.05,-27.9833,61.99,77,100,2.84
406,Ak-Dovurak,RU,2022-06-14 03:56:13,51.1833,90.6,74.19,54,72,1.66
407,Tynda,RU,2022-06-14 03:56:14,55.1667,124.7167,74.46,35,64,1.12
408,Aswan,EG,2022-06-14 03:56:14,24.0934,32.907,85.3,30,0,8.05
409,Pemangkat,ID,2022-06-14 03:49:00,1.1667,108.9667,84.78,65,100,4.38
410,Taonan,CN,2022-06-14 03:56:15,45.3333,122.7833,69.28,71,94,12.82
411,San Jose,US,2022-06-14 03:47:22,37.3394,-121.895,67.05,55,0,14.97
412,Jeremie,HT,2022-06-14 03:56:15,18.65,-74.1167,79.05,81,94,6.35
413,Olafsvik,IS,2022-06-14 03:46:35,64.8945,-23.7142,48.18,90,100,12.66
414,Livramento,BR,2022-06-14 03:56:16,-3.0254,-60.1803,75.87,94,75,2.3
415,Hinton,CA,2022-06-14 03:56:16,53.4001,-117.5857,49.26,97,100,3.78
416,Salalah,OM,2022-06-14 03:56:17,17.0151,54.0924,82.36,81,96,1.16
417,San Juan,AR,2022-06-14 03:56:17,-31.5375,-68.5364,50.79,47,99,1.45
418,Jiancheng,CN,2022-06-14 03:56:18,30.391,104.5491,84.96,45,99,4.38
419,Noyabrsk,RU,2022-06-14 03:56:18,63.1994,75.4507,67.51,65,76,7.4
420,Clyde,US,2022-06-14 03:53:05,41.3042,-82.9752,69.58,94,100,5.61
421,Westport,US,2022-06-14 03:47:37,41.1415,-73.3579,75.18,72,0,5.99
422,Zhigansk,RU,2022-06-14 03:56:19,66.7697,123.3711,62.31,50,23,7.23
423,Chase,CA,2022-06-14 03:56:19,50.8165,-119.6857,56.28,95,100,4.97
424,Karasuk,RU,2022-06-14 03:56:20,53.7377,78.0403,67.42,74,99,12.66
425,Lazurne,UA,2022-06-14 03:56:20,46.084,32.5295,71.55,73,2,4.85
426,Salinopolis,BR,2022-06-14 03:46:33,-0.6136,-47.3561,80.24,76,38,10.04
427,Nayudupeta,IN,2022-06-14 03:56:21,13.9,79.9,88.68,40,89,11.81
428,Basco,PH,2022-06-14 03:48:53,20.4487,121.9702,85.03,75,100,13.38
429,Guerrero Negro,MX,2022-06-14 03:47:39,27.9769,-114.0611,64.0,87,48,17.07
430,Zelenokumsk,RU,2022-06-14 03:56:21,44.4069,43.8806,69.19,76,41,7.99
431,Jiayuguan,CN,2022-06-14 03:56:22,39.8167,98.3,86.72,5,0,19.3
432,Narsingdi,BD,2022-06-14 03:56:22,23.9208,90.7181,86.02,71,100,13.76
433,Necochea,AR,2022-06-14 03:55:21,-38.5473,-58.7368,51.73,59,99,12.97
434,Sumbe,AO,2022-06-14 03:56:23,-11.2061,13.8437,68.18,76,18,4.27
435,Kehtna,EE,2022-06-14 03:56:23,58.9303,24.8781,48.9,78,100,1.77
436,San Cristobal,VE,2022-06-14 03:48:56,7.7669,-72.225,71.78,99,100,4.03
437,Faya,SA,2022-06-14 03:56:24,18.3851,42.4509,69.91,20,2,16.11
438,Dikson,RU,2022-06-14 03:51:51,73.5069,80.5464,31.26,90,88,10.42
439,Porto Novo,BJ,2022-06-14 03:56:24,6.4965,2.6036,76.59,90,98,6.2
440,Okahandja,NA,2022-06-14 03:56:25,-21.9833,16.9167,47.01,72,0,6.04
441,Eureka,US,2022-06-14 03:53:31,40.8021,-124.1637,56.93,76,1,8.01
442,Kruisfontein,ZA,2022-06-14 03:51:31,-34.0033,24.7314,60.33,52,54,18.72
443,Almaznyy,RU,2022-06-14 03:56:26,48.0448,40.045,67.82,54,24,4.0
444,Magadan,RU,2022-06-14 03:56:26,59.5667,150.8,51.53,83,100,7.36
445,Pontes E Lacerda,BR,2022-06-14 03:56:26,-15.2261,-59.3353,53.62,55,0,3.13
446,Jamsa,FI,2022-06-14 03:56:27,61.8642,25.19,54.14,90,51,3.69
447,Miandrivazo,MG,2022-06-14 03:56:27,-19.5167,45.4667,67.71,65,0,3.94
448,Kharan,PK,2022-06-14 03:56:28,28.5833,65.4167,92.55,24,0,2.71
449,La Palma,US,2022-06-14 03:46:29,33.8464,-118.0467,74.71,77,20,8.05
450,Aqtobe,KZ,2022-06-14 03:56:28,50.2797,57.2072,59.09,67,0,2.24
451,Malartic,CA,2022-06-14 03:56:29,48.1335,-78.1328,55.51,97,2,4.63
452,Morehead,US,2022-06-14 03:53:30,37.2711,-87.1764,82.78,88,0,3.44
453,Constitucion,CL,2022-06-14 03:56:29,-35.3333,-72.4167,50.95,82,100,8.21
454,Mwense,ZM,2022-06-14 03:56:30,-10.3845,28.698,53.22,75,3,2.35
455,Risor,NO,2022-06-14 03:56:30,58.7206,9.2342,52.52,66,19,6.78
456,Penzance,GB,2022-06-14 03:56:30,50.1186,-5.5371,53.28,72,36,6.67
457,Hamilton,US,2022-06-14 03:53:12,39.1834,-84.5333,74.98,96,100,8.16
458,Los Palacios,CU,2022-06-14 03:56:31,22.5872,-83.2486,76.14,84,1,1.3
459,Iskateley,RU,2022-06-14 03:56:32,67.6803,53.1512,53.76,75,100,8.95
460,Gizo,SB,2022-06-14 03:56:32,-8.103,156.8419,83.46,71,56,5.57
461,Udachnyy,RU,2022-06-14 03:56:32,66.4167,112.4,73.45,28,87,4.72
462,Korla,CN,2022-06-14 03:54:15,41.7597,86.1469,96.06,5,100,11.23
463,Murwara,IN,2022-06-14 03:56:33,23.85,80.4,96.67,37,17,11.97
464,Katsuura,JP,2022-06-14 03:52:55,35.1333,140.3,66.61,75,100,12.91
465,Sorland,NO,2022-06-14 03:56:33,67.667,12.6934,48.9,96,100,8.01
466,Opuwo,NA,2022-06-14 03:52:57,-18.0607,13.84,49.21,56,0,1.57
467,Kieta,PG,2022-06-14 03:56:34,-6.2167,155.6333,83.57,74,48,7.23
468,Honiara,SB,2022-06-14 03:56:34,-9.4333,159.95,85.26,69,12,7.45
469,Zvishavane,ZW,2022-06-14 03:56:35,-20.3267,30.0665,50.18,68,0,3.65
470,Ransang,PH,2022-06-14 03:56:35,8.9603,117.5828,85.39,71,41,4.12
471,Klaksvik,FO,2022-06-14 03:52:49,62.2266,-6.589,50.92,98,99,18.25
472,Plettenberg Bay,ZA,2022-06-14 03:56:35,-34.0527,23.3716,57.34,83,42,3.74
473,Birjand,IR,2022-06-14 03:56:16,32.8663,59.2211,82.87,16,20,11.5
474,Masuguru,TZ,2022-06-14 03:56:36,-11.3667,38.4167,63.7,94,4,1.48
475,Panguipulli,CL,2022-06-14 03:56:36,-39.6333,-72.3333,46.29,98,100,2.95
476,Jimani,DO,2022-06-14 03:56:37,18.4917,-71.8502,75.09,89,94,3.02
477,Baculin,PH,2022-06-14 03:56:37,7.4525,126.5842,86.67,66,98,10.02
478,San Joaquin,US,2022-06-14 03:56:37,37.9333,-121.3011,74.17,38,0,8.19
479,Ambon,ID,2022-06-14 03:48:56,-3.6954,128.1814,91.54,58,40,4.61
480,Labuan,MY,2022-06-14 03:56:38,5.2767,115.2417,86.36,79,20,3.44
481,Uvat,RU,2022-06-14 03:56:38,59.1433,68.8953,48.42,96,100,5.66
482,Mangrol,IN,2022-06-14 03:56:39,21.1167,70.1167,86.05,69,63,8.34
483,Moustheni,GR,2022-06-14 03:56:39,40.8667,24.1167,70.3,69,5,4.65
484,Les Cayes,HT,2022-06-14 03:56:39,18.2,-73.75,77.63,81,99,1.63
485,Aykhal,RU,2022-06-14 03:56:40,66.0,111.5,69.8,23,58,4.63
486,Pompeu,BR,2022-06-14 03:56:40,-19.2244,-44.9353,52.14,44,74,4.7
487,Marsh Harbour,BS,2022-06-14 03:56:40,26.5412,-77.0636,80.64,83,9,10.85
488,Koumac,NC,2022-06-14 03:56:41,-20.5667,164.2833,75.33,86,100,6.11
489,Teyateyaneng,LS,2022-06-14 03:56:41,-29.1472,27.7489,42.78,55,95,7.11
490,Iisalmi,FI,2022-06-14 03:56:41,63.5592,27.1907,54.79,91,84,3.29
491,Verkhneyarkeyevo,RU,2022-06-14 03:56:42,55.4505,54.3145,60.12,70,17,6.51
492,Baker City,US,2022-06-14 03:54:19,44.7749,-117.8344,45.19,80,82,4.34
493,Auki,SB,2022-06-14 03:56:42,-8.7676,160.7034,84.85,66,4,3.06
494,Novoagansk,RU,2022-06-14 03:56:43,61.9449,76.6625,63.9,74,62,7.87
495,Bertoua,CM,2022-06-14 03:56:43,4.5833,13.6833,66.6,99,100,0.89
496,Lorengau,PG,2022-06-14 03:54:07,-2.0226,147.2712,85.37,63,21,13.0
497,Ossora,RU,2022-06-14 03:56:43,59.2353,163.0719,53.65,57,44,1.07
498,Aguas Vermelhas,BR,2022-06-14 03:56:44,-15.7472,-41.46,63.79,95,95,4.99
499,Isangel,VU,2022-06-14 03:55:33,-19.55,169.2667,80.71,78,75,4.61
500,Coquimbo,CL,2022-06-14 03:56:44,-29.9533,-71.3436,51.53,81,100,2.3
501,Kvam,NO,2022-06-14 03:56:45,61.6656,9.6898,49.19,73,27,3.33
502,Hay River,CA,2022-06-14 03:51:39,60.8156,-115.7999,67.98,34,40,5.75
503,Arman,RU,2022-06-14 03:56:45,59.7,150.1667,52.02,84,100,3.47
504,Krasnoarmeysk,RU,2022-06-14 03:56:46,51.0239,45.6969,64.31,64,58,5.7
505,Toora-Khem,RU,2022-06-14 03:56:46,52.4675,96.11,67.78,67,100,4.16
506,Listvyanka,RU,2022-06-14 03:56:46,51.8535,104.8693,60.69,67,100,6.98
507,Andrelandia,BR,2022-06-14 03:56:47,-21.7397,-44.3092,45.61,96,94,3.85
508,Goure,NE,2022-06-14 03:56:47,13.9835,10.2704,80.02,59,64,10.94
509,Atasu,KZ,2022-06-14 03:56:48,48.6814,71.6433,72.18,45,20,14.18
510,Nemuro,JP,2022-06-14 03:56:48,43.3236,145.575,51.57,75,0,9.71
511,Patos,BR,2022-06-14 03:56:48,-7.0244,-37.28,69.57,92,24,5.19
512,Cobija,BO,2022-06-14 03:56:49,-11.0267,-68.7692,60.33,77,71,2.3
513,Borgo San Dalmazzo,IT,2022-06-14 03:56:49,44.333,7.4858,65.82,100,0,2.26
514,Kamina,CD,2022-06-14 03:56:50,-8.7386,24.9906,58.75,58,4,4.09
515,Warri,NG,2022-06-14 03:56:50,5.5167,5.75,74.79,96,100,3.09
516,Payakumbuh,ID,2022-06-14 03:56:50,-0.2202,100.6308,75.07,83,100,2.55
517,Husavik,IS,2022-06-14 03:56:51,66.0449,-17.3389,50.56,85,91,8.55
518,Vershino-Darasunskiy,RU,2022-06-14 03:56:51,52.35,115.5167,76.53,24,27,5.32
519,Ostersund,SE,2022-06-14 03:56:52,63.1792,14.6357,51.62,93,100,10.36
520,Vila Velha,BR,2022-06-14 03:50:20,-20.3297,-40.2925,67.95,80,0,8.99
521,Russell,US,2022-06-14 03:56:52,32.3502,-85.1999,83.01,68,95,3.78
522,Vaxjo,SE,2022-06-14 03:53:28,56.8777,14.8091,52.57,87,100,11.5
523,Chara,RU,2022-06-14 03:56:53,56.9064,118.2631,64.54,54,81,6.24
524,Jardim,BR,2022-06-14 03:47:48,-21.4803,-56.1381,48.63,66,0,2.71
525,Yarmouth,US,2022-06-14 03:56:53,41.7057,-70.2286,69.96,91,31,10.0
526,Senneterre,CA,2022-06-14 03:56:54,48.3835,-77.2328,52.39,96,3,3.71
527,Gazojak,TM,2022-06-14 03:56:54,41.1875,61.4036,91.26,10,21,7.99
528,Charlottesville,US,2022-06-14 03:54:40,38.0293,-78.4767,80.15,96,75,1.01
529,Puerto Escondido,MX,2022-06-14 03:56:55,15.85,-97.0667,77.7,85,90,5.48
530,Saint-Georges,GD,2022-06-14 03:56:55,12.0564,-61.7485,80.28,83,75,11.5
531,Chumikan,RU,2022-06-14 03:55:19,54.7183,135.315,50.5,98,100,4.18
532,Abaza,RU,2022-06-14 03:55:00,52.655,90.0928,71.19,72,100,2.1
533,Abu Samrah,SY,2022-06-14 03:53:00,35.3029,37.1841,69.19,69,0,13.6
534,Barra Velha,BR,2022-06-14 03:56:56,-26.6322,-48.6847,54.39,96,8,4.12
535,Mandiana,GN,2022-06-14 03:56:56,10.6333,-8.6833,72.72,89,11,4.52
536,Diego De Almagro,CL,2022-06-14 03:56:57,-26.3667,-70.05,50.47,66,62,1.19
537,Callaway,US,2022-06-14 03:56:57,30.153,-85.5699,82.96,88,75,8.05
538,Kantabanji,IN,2022-06-14 03:56:58,20.4833,82.9167,97.21,35,24,6.38
539,Wajima,JP,2022-06-14 03:56:58,37.4,136.9,74.08,68,100,2.3
540,Awjilah,LY,2022-06-14 03:56:58,29.1081,21.2869,70.7,66,0,7.92
541,Loandjili,CG,2022-06-14 03:56:59,-4.7561,11.8578,69.91,94,20,1.14
542,Coro,VE,2022-06-14 03:56:59,11.4045,-69.6734,77.16,85,100,13.94
543,Taber,CA,2022-06-14 03:57:00,49.8167,-112.1518,49.84,78,39,26.46
544,Hundested,DK,2022-06-14 03:57:00,55.9667,11.8667,54.91,79,51,1.01
545,Ovsyanka,RU,2022-06-14 03:57:00,55.9575,92.5519,79.77,44,100,3.18
546,Anadyr,RU,2022-06-14 03:57:01,64.75,177.4833,37.9,86,75,11.18
547,Key Largo,US,2022-06-14 03:53:56,25.0865,-80.4473,82.99,73,19,10.0
548,Sabinas Hidalgo,MX,2022-06-14 03:57:01,26.5,-100.1667,81.23,58,87,12.03
549,Gusau,NG,2022-06-14 03:57:02,12.1628,6.6614,80.55,62,99,11.99
550,Belyy Yar,RU,2022-06-14 03:57:02,53.6039,91.3903,75.09,69,0,4.47
551,Grindavik,IS,2022-06-14 03:54:58,63.8424,-22.4338,48.15,87,75,13.8
552,Campos Novos,BR,2022-06-14 03:57:03,-27.4017,-51.225,39.54,96,0,4.45
553,Mogadishu,SO,2022-06-14 03:57:03,2.0371,45.3438,80.47,78,40,16.11
554,Zhezkazgan,KZ,2022-06-14 03:57:04,47.8043,67.7144,71.58,24,0,4.47
555,Aitape,PG,2022-06-14 03:56:42,-3.1374,142.3475,83.91,74,84,9.08
556,Simbahan,PH,2022-06-14 03:57:04,6.3032,120.5836,83.07,69,100,5.44
557,Prince Rupert,CA,2022-06-14 03:57:05,54.3161,-130.3201,53.69,84,0,5.75
558,Rawson,AR,2022-06-14 03:57:05,-43.3002,-65.1023,51.8,34,79,3.09
559,San Quintin,MX,2022-06-14 03:55:26,30.4833,-115.95,61.92,86,0,14.76
560,Longonjo,AO,2022-06-14 03:57:06,-12.9067,15.2533,49.41,56,0,2.24
561,Moranbah,AU,2022-06-14 03:57:06,-22.0016,148.0466,70.88,41,40,11.43
562,Cartagena,CO,2022-06-14 03:57:02,10.3997,-75.5144,82.02,83,40,3.44
563,Dhidhdhoo,MV,2022-06-14 03:57:07,6.8833,73.1,82.71,76,100,10.36
564,Vastse-Kuuste,EE,2022-06-14 03:57:07,58.1669,26.9343,53.89,77,100,0.36
565,Quelimane,MZ,2022-06-14 03:49:10,-17.8786,36.8883,63.66,95,8,1.3
566,Portovelo,EC,2022-06-14 03:57:08,-3.7167,-79.6167,65.57,88,49,4.03
567,Gumdag,TM,2022-06-14 03:57:08,39.2061,54.5906,92.86,13,79,9.51
568,Chifeng,CN,2022-06-14 03:57:08,42.2683,118.9636,70.12,59,59,15.68
569,Cap Malheureux,MU,2022-06-14 03:57:09,-19.9842,57.6142,74.46,58,93,8.01
570,Coihaique,CL,2022-06-14 03:52:47,-45.5752,-72.0662,39.15,100,40,8.05
571,Nome,US,2022-06-14 03:47:52,64.5011,-165.4064,44.67,70,100,10.36
572,Mutoko,ZW,2022-06-14 03:57:09,-17.397,32.2268,48.42,95,0,2.62
573,Dingle,PH,2022-06-14 03:47:42,10.9995,122.6711,88.93,61,60,6.64
574,Marystown,CA,2022-06-14 03:57:10,47.1666,-55.1483,47.86,100,92,3.0
575,Hays,US,2022-06-14 03:57:10,30.0502,-98.0336,84.2,73,51,7.0
576,Garango,BF,2022-06-14 03:57:11,11.8,-0.5506,83.62,54,89,6.58
577,Maltahohe,NA,2022-06-14 03:57:11,-24.8333,16.9833,43.3,86,10,14.2
578,Moree,AU,2022-06-14 03:57:12,-29.4667,149.85,62.11,46,0,6.17
579,Anaconda,US,2022-06-14 03:57:12,46.1285,-112.9423,37.24,71,43,7.85
